mu,Pp,Gv,Cc,Gp,T12,Extraction,inside_window
0.0500,200000.0,3.2000,12.3153,0.1174,60.9837,96.0455,0
0.0500,200000.0,3.2500,12.1593,0.1174,61.3204,96.0461,0
0.0500,200000.0,3.3000,12.0020,0.1174,61.6515,96.0469,0
0.0500,200000.0,3.3500,11.8435,0.1174,61.9772,96.0477,0
0.0500,200000.0,3.4000,11.6838,0.1174,62.2976,96.0483,0
0.0500,200000.0,3.4500,11.5230,0.1174,62.6128,96.0493,0
0.0500,200000.0,3.5000,11.3611,0.1174,62.9230,96.0507,0
0.0500,200000.0,3.5500,11.1984,0.1174,63.2281,96.0516,0
0.0500,200000.0,3.6000,11.0348,0.1174,63.5284,96.0535,0
0.0500,200000.0,3.6500,10.8705,0.1174,63.8239,96.0555,0
0.0500,200000.0,3.7000,10.7056,0.1174,64.1148,96.0568,0
0.0500,200000.0,3.7500,10.5403,0.1174,64.4011,96.0592,0
0.0500,200000.0,3.8000,10.3746,0.1174,64.6829,96.0616,0
0.0500,231250.0,3.2000,12.3152,0.1174,60.9837,96.0455,0
0.0500,231250.0,3.2500,12.1593,0.1174,61.3204,96.0461,0
0.0500,231250.0,3.3000,12.0020,0.1174,61.6515,96.0470,0
0.0500,231250.0,3.3500,11.8434,0.1174,61.9772,96.0477,0
0.0500,231250.0,3.4000,11.6837,0.1174,62.2976,96.0484,0
0.0500,231250.0,3.4500,11.5229,0.1174,62.6128,96.0493,0
0.0500,231250.0,3.5000,11.3611,0.1174,62.9230,96.0507,0
0.0500,231250.0,3.5500,11.1983,0.1174,63.2281,96.0516,0
0.0500,231250.0,3.6000,11.0347,0.1174,63.5284,96.0535,0
0.0500,231250.0,3.6500,10.8704,0.1174,63.8239,96.0555,0
0.0500,231250.0,3.7000,10.7055,0.1174,64.1148,96.0569,0
0.0500,231250.0,3.7500,10.5402,0.1174,64.4011,96.0592,0
0.0500,231250.0,3.8000,10.3745,0.1174,64.6829,96.0617,0
0.0500,262500.0,3.2000,12.3151,0.1174,60.9837,96.0455,0
0.0500,262500.0,3.2500,12.1592,0.1174,61.3204,96.0461,0
0.0500,262500.0,3.3000,12.0019,0.1174,61.6515,96.0469,0
0.0500,262500.0,3.3500,11.8433,0.1174,61.9772,96.0478,0
0.0500,262500.0,3.4000,11.6836,0.1174,62.2976,96.0484,0
0.0500,262500.0,3.4500,11.5228,0.1174,62.6128,96.0493,0
0.0500,262500.0,3.5000,11.3610,0.1174,62.9230,96.0507,0
0.0500,262500.0,3.5500,11.1982,0.1174,63.2281,96.0517,0
0.0500,262500.0,3.6000,11.0346,0.1174,63.5284,96.0532,0
0.0500,262500.0,3.6500,10.8703,0.1174,63.8239,96.0555,0
0.0500,262500.0,3.7000,10.7054,0.1174,64.1148,96.0569,0
0.0500,262500.0,3.7500,10.5401,0.1174,64.4011,96.0593,0
0.0500,262500.0,3.8000,10.3744,0.1174,64.6829,96.0617,0
0.0500,293750.0,3.2000,12.3150,0.1174,60.9837,96.0456,0
0.0500,293750.0,3.2500,12.1591,0.1174,61.3204,96.0461,0
0.0500,293750.0,3.3000,12.0018,0.1174,61.6515,96.0469,0
0.0500,293750.0,3.3500,11.8432,0.1174,61.9772,96.0478,0
0.0500,293750.0,3.4000,11.6835,0.1174,62.2976,96.0484,0
0.0500,293750.0,3.4500,11.5227,0.1174,62.6128,96.0494,0
0.0500,293750.0,3.5000,11.3609,0.1174,62.9230,96.0508,0
0.0500,293750.0,3.5500,11.1981,0.1174,63.2281,96.0517,0
0.0500,293750.0,3.6000,11.0345,0.1174,63.5284,96.0533,0
0.0500,293750.0,3.6500,10.8702,0.1174,63.8239,96.0555,0
0.0500,293750.0,3.7000,10.7053,0.1174,64.1148,96.0570,0
0.0500,293750.0,3.7500,10.5400,0.1174,64.4011,96.0593,0
0.0500,293750.0,3.8000,10.3743,0.1174,64.6829,96.0618,0
0.0500,325000.0,3.2000,12.3149,0.1174,60.9837,96.0456,0
0.0500,325000.0,3.2500,12.1590,0.1174,61.3204,96.0461,0
0.0500,325000.0,3.3000,12.0017,0.1174,61.6515,96.0469,0
0.0500,325000.0,3.3500,11.8432,0.1174,61.9772,96.0478,0
0.0500,325000.0,3.4000,11.6834,0.1174,62.2976,96.0485,0
0.0500,325000.0,3.4500,11.5226,0.1174,62.6128,96.0492,0
0.0500,325000.0,3.5000,11.3608,0.1174,62.9230,96.0507,0
0.0500,325000.0,3.5500,11.1980,0.1174,63.2281,96.0518,0
0.0500,325000.0,3.6000,11.0344,0.1174,63.5284,96.0533,0
0.0500,325000.0,3.6500,10.8701,0.1174,63.8239,96.0552,0
0.0500,325000.0,3.7000,10.7052,0.1174,64.1148,96.0570,0
0.0500,325000.0,3.7500,10.5399,0.1174,64.4011,96.0593,0
0.0500,325000.0,3.8000,10.3742,0.1174,64.6829,96.0618,0
0.0500,356250.0,3.2000,12.3149,0.1174,60.9837,96.0456,0
0.0500,356250.0,3.2500,12.1589,0.1174,61.3204,96.0461,0
0.0500,356250.0,3.3000,12.0016,0.1174,61.6515,96.0470,0
0.0500,356250.0,3.3500,11.8431,0.1174,61.9772,96.0478,0
0.0500,356250.0,3.4000,11.6833,0.1174,62.2976,96.0485,0
0.0500,356250.0,3.4500,11.5225,0.1174,62.6128,96.0493,0
0.0500,356250.0,3.5000,11.3607,0.1174,62.9230,96.0507,0
0.0500,356250.0,3.5500,11.1979,0.1174,63.2281,96.0518,0
0.0500,356250.0,3.6000,11.0343,0.1174,63.5284,96.0533,0
0.0500,356250.0,3.6500,10.8700,0.1174,63.8239,96.0553,0
0.0500,356250.0,3.7000,10.7051,0.1174,64.1148,96.0570,0
0.0500,356250.0,3.7500,10.5398,0.1174,64.4011,96.0594,0
0.0500,356250.0,3.8000,10.3741,0.1174,64.6829,96.0619,0
0.0500,387500.0,3.2000,12.3148,0.1174,60.9837,96.0457,0
0.0500,387500.0,3.2500,12.1588,0.1174,61.3204,96.0461,0
0.0500,387500.0,3.3000,12.0015,0.1174,61.6515,96.0468,0
0.0500,387500.0,3.3500,11.8430,0.1174,61.9772,96.0478,0
0.0500,387500.0,3.4000,11.6833,0.1174,62.2976,96.0485,0
0.0500,387500.0,3.4500,11.5224,0.1174,62.6128,96.0493,0
0.0500,387500.0,3.5000,11.3606,0.1174,62.9230,96.0508,0
0.0500,387500.0,3.5500,11.1978,0.1174,63.2281,96.0518,0
0.0500,387500.0,3.6000,11.0342,0.1174,63.5284,96.0534,0
0.0500,387500.0,3.6500,10.8699,0.1174,63.8239,96.0550,0
0.0500,387500.0,3.7000,10.7050,0.1174,64.1148,96.0571,0
0.0500,387500.0,3.7500,10.5397,0.1174,64.4011,96.0594,0
0.0500,387500.0,3.8000,10.3740,0.1174,64.6829,96.0615,0
0.0500,418750.0,3.2000,12.3147,0.1174,60.9837,96.0457,0
0.0500,418750.0,3.2500,12.1587,0.1174,61.3204,96.0462,0
0.0500,418750.0,3.3000,12.0014,0.1174,61.6515,96.0466,0
0.0500,418750.0,3.3500,11.8429,0.1174,61.9772,96.0478,0
0.0500,418750.0,3.4000,11.6832,0.1174,62.2976,96.0485,0
0.0500,418750.0,3.4500,11.5223,0.1174,62.6128,96.0493,0
0.0500,418750.0,3.5000,11.3605,0.1174,62.9230,96.0508,0
0.0500,418750.0,3.5500,11.1977,0.1174,63.2281,96.0519,0
0.0500,418750.0,3.6000,11.0341,0.1174,63.5284,96.0534,0
0.0500,418750.0,3.6500,10.8698,0.1174,63.8239,96.0550,0
0.0500,418750.0,3.7000,10.7050,0.1174,64.1148,96.0571,0
0.0500,418750.0,3.7500,10.5396,0.1174,64.4011,96.0595,0
0.0500,418750.0,3.8000,10.3739,0.1174,64.6829,96.0615,0
0.0500,450000.0,3.2000,12.3146,0.1174,60.9837,96.0457,0
0.0500,450000.0,3.2500,12.1587,0.1174,61.3204,96.0462,0
0.0500,450000.0,3.3000,12.0014,0.1174,61.6515,96.0466,0
0.0500,450000.0,3.3500,11.8428,0.1174,61.9772,96.0478,0
0.0500,450000.0,3.4000,11.6831,0.1174,62.2976,96.0486,0
0.0500,450000.0,3.4500,11.5223,0.1174,62.6128,96.0494,0
0.0500,450000.0,3.5000,11.3604,0.1174,62.9230,96.0507,0
0.0500,450000.0,3.5500,11.1977,0.1174,63.2281,96.0519,0
0.0500,450000.0,3.6000,11.0341,0.1174,63.5284,96.0534,0
0.0500,450000.0,3.6500,10.8698,0.1174,63.8239,96.0550,0
0.0500,450000.0,3.7000,10.7049,0.1174,64.1148,96.0569,0
0.0500,450000.0,3.7500,10.5395,0.1174,64.4011,96.0595,0
0.0500,450000.0,3.8000,10.3739,0.1174,64.6829,96.0616,0
0.0860,200000.0,3.2000,12.4249,0.2019,61.9215,96.0476,0
0.0860,200000.0,3.2500,12.2681,0.2019,62.2496,96.0482,0
0.0860,200000.0,3.3000,12.1099,0.2019,62.5723,96.0492,0
0.0860,200000.0,3.3500,11.9502,0.2019,62.8897,96.0507,0
0.0860,200000.0,3.4000,11.7893,0.2019,63.2018,96.0518,0
0.0860,200000.0,3.4500,11.6271,0.2019,63.5090,96.0532,0
0.0860,200000.0,3.5000,11.4637,0.2019,63.8112,96.0551,0
0.0860,200000.0,3.5500,11.2993,0.2019,64.1085,96.0567,0
0.0860,200000.0,3.6000,11.1339,0.2019,64.4011,96.0592,0
0.0860,200000.0,3.6500,10.9677,0.2019,64.6890,96.0620,0
0.0860,200000.0,3.7000,10.8008,0.2019,64.9724,96.0645,0
0.0860,200000.0,3.7500,10.6333,0.2019,65.2513,96.0678,0
0.0860,200000.0,3.8000,10.4653,0.2019,65.5259,96.0716,0
0.0860,231250.0,3.2000,12.4248,0.2019,61.9215,96.0475,0
0.0860,231250.0,3.2500,12.2680,0.2019,62.2496,96.0483,0
0.0860,231250.0,3.3000,12.1098,0.2019,62.5723,96.0492,0
0.0860,231250.0,3.3500,11.9502,0.2019,62.8897,96.0507,0
0.0860,231250.0,3.4000,11.7892,0.2019,63.2018,96.0518,0
0.0860,231250.0,3.4500,11.6270,0.2019,63.5090,96.0532,0
0.0860,231250.0,3.5000,11.4636,0.2019,63.8112,96.0551,0
0.0860,231250.0,3.5500,11.2992,0.2019,64.1085,96.0568,0
0.0860,231250.0,3.6000,11.1338,0.2019,64.4011,96.0593,0
0.0860,231250.0,3.6500,10.9676,0.2019,64.6890,96.0620,0
0.0860,231250.0,3.7000,10.8007,0.2019,64.9724,96.0646,0
0.0860,231250.0,3.7500,10.6332,0.2019,65.2513,96.0679,0
0.0860,231250.0,3.8000,10.4652,0.2019,65.5259,96.0717,0
0.0860,262500.0,3.2000,12.4247,0.2019,61.9215,96.0476,0
0.0860,262500.0,3.2500,12.2679,0.2019,62.2496,96.0483,0
0.0860,262500.0,3.3000,12.1096,0.2019,62.5723,96.0493,0
0.0860,262500.0,3.3500,11.9500,0.2019,62.8897,96.0507,0
0.0860,262500.0,3.4000,11.7890,0.2019,63.2018,96.0519,0
0.0860,262500.0,3.4500,11.6268,0.2019,63.5090,96.0533,0
0.0860,262500.0,3.5000,11.4635,0.2019,63.8112,96.0552,0
0.0860,262500.0,3.5500,11.2990,0.2019,64.1085,96.0568,0
0.0860,262500.0,3.6000,11.1337,0.2019,64.4011,96.0593,0
0.0860,262500.0,3.6500,10.9675,0.2019,64.6890,96.0621,0
0.0860,262500.0,3.7000,10.8006,0.2019,64.9724,96.0646,0
0.0860,262500.0,3.7500,10.6331,0.2019,65.2513,96.0676,0
0.0860,262500.0,3.8000,10.4651,0.2019,65.5259,96.0714,0
0.0860,293750.0,3.2000,12.4246,0.2019,61.9215,96.0476,0
0.0860,293750.0,3.2500,12.2677,0.2019,62.2496,96.0482,0
0.0860,293750.0,3.3000,12.1095,0.2019,62.5723,96.0493,0
0.0860,293750.0,3.3500,11.9498,0.2019,62.8897,96.0505,0
0.0860,293750.0,3.4000,11.7889,0.2019,63.2018,96.0519,0
0.0860,293750.0,3.4500,11.6267,0.2019,63.5090,96.0531,0
0.0860,293750.0,3.5000,11.4633,0.2019,63.8112,96.0551,0
0.0860,293750.0,3.5500,11.2989,0.2019,64.1085,96.0569,0
0.0860,293750.0,3.6000,11.1335,0.2019,64.4011,96.0594,0
0.0860,293750.0,3.6500,10.9673,0.2019,64.6890,96.0616,0
0.0860,293750.0,3.7000,10.8004,0.2019,64.9724,96.0647,0
0.0860,293750.0,3.7500,10.6329,0.2019,65.2513,96.0676,0
0.0860,293750.0,3.8000,10.4649,0.2019,65.5259,96.0714,0
0.0860,325000.0,3.2000,12.4244,0.2019,61.9216,96.0475,0
0.0860,325000.0,3.2500,12.2676,0.2019,62.2496,96.0483,0
0.0860,325000.0,3.3000,12.1094,0.2019,62.5723,96.0492,0
0.0860,325000.0,3.3500,11.9497,0.2019,62.8897,96.0505,0
0.0860,325000.0,3.4000,11.7887,0.2019,63.2018,96.0517,0
0.0860,325000.0,3.4500,11.6265,0.2019,63.5090,96.0531,0
0.0860,325000.0,3.5000,11.4632,0.2019,63.8112,96.0550,0
0.0860,325000.0,3.5500,11.2987,0.2019,64.1085,96.0569,0
0.0860,325000.0,3.6000,11.1334,0.2019,64.4011,96.0595,0
0.0860,325000.0,3.6500,10.9672,0.2019,64.6890,96.0617,0
0.0860,325000.0,3.7000,10.8003,0.2019,64.9724,96.0648,0
0.0860,325000.0,3.7500,10.6328,0.2019,65.2513,96.0677,0
0.0860,325000.0,3.8000,10.4648,0.2019,65.5259,96.0715,0
0.0860,356250.0,3.2000,12.4243,0.2019,61.9216,96.0473,0
0.0860,356250.0,3.2500,12.2675,0.2019,62.2496,96.0482,0
0.0860,356250.0,3.3000,12.1092,0.2019,62.5723,96.0492,0
0.0860,356250.0,3.3500,11.9496,0.2019,62.8897,96.0505,0
0.0860,356250.0,3.4000,11.7886,0.2019,63.2018,96.0518,0
0.0860,356250.0,3.4500,11.6264,0.2019,63.5090,96.0531,0
0.0860,356250.0,3.5000,11.4630,0.2019,63.8112,96.0550,0
0.0860,356250.0,3.5500,11.2986,0.2019,64.1085,96.0570,0
0.0860,356250.0,3.6000,11.1332,0.2019,64.4011,96.0591,0
0.0860,356250.0,3.6500,10.9670,0.2019,64.6890,96.0617,0
0.0860,356250.0,3.7000,10.8001,0.2019,64.9724,96.0648,0
0.0860,356250.0,3.7500,10.6326,0.2019,65.2513,96.0678,0
0.0860,356250.0,3.8000,10.4646,0.2019,65.5259,96.0716,0
0.0860,387500.0,3.2000,12.4242,0.2019,61.9216,96.0473,0
0.0860,387500.0,3.2500,12.2673,0.2019,62.2496,96.0483,0
0.0860,387500.0,3.3000,12.1091,0.2019,62.5723,96.0493,0
0.0860,387500.0,3.3500,11.9494,0.2019,62.8897,96.0505,0
0.0860,387500.0,3.4000,11.7885,0.2019,63.2018,96.0518,0
0.0860,387500.0,3.4500,11.6263,0.2019,63.5090,96.0532,0
0.0860,387500.0,3.5000,11.4629,0.2019,63.8112,96.0549,0
0.0860,387500.0,3.5500,11.2985,0.2019,64.1085,96.0569,0
0.0860,387500.0,3.6000,11.1331,0.2019,64.4011,96.0591,0
0.0860,387500.0,3.6500,10.9669,0.2019,64.6890,96.0614,0
0.0860,387500.0,3.7000,10.8000,0.2019,64.9724,96.0649,0
0.0860,387500.0,3.7500,10.6325,0.2019,65.2513,96.0678,0
0.0860,387500.0,3.8000,10.4645,0.2019,65.5259,96.0716,0
0.0860,418750.0,3.2000,12.4240,0.2019,61.9216,96.0474,0
0.0860,418750.0,3.2500,12.2672,0.2019,62.2496,96.0483,0
0.0860,418750.0,3.3000,12.1090,0.2019,62.5723,96.0493,0
0.0860,418750.0,3.3500,11.9493,0.2019,62.8897,96.0506,0
0.0860,418750.0,3.4000,11.7883,0.2019,63.2019,96.0518,0
0.0860,418750.0,3.4500,11.6261,0.2019,63.5090,96.0532,0
0.0860,418750.0,3.5000,11.4628,0.2019,63.8112,96.0550,0
0.0860,418750.0,3.5500,11.2983,0.2019,64.1085,96.0569,0
0.0860,418750.0,3.6000,11.1330,0.2019,64.4011,96.0592,0
0.0860,418750.0,3.6500,10.9668,0.2019,64.6890,96.0615,0
0.0860,418750.0,3.7000,10.7998,0.2019,64.9724,96.0648,0
0.0860,418750.0,3.7500,10.6323,0.2019,65.2513,96.0679,0
0.0860,418750.0,3.8000,10.4644,0.2019,65.5259,96.0717,0
0.0860,450000.0,3.2000,12.4239,0.2019,61.9216,96.0474,0
0.0860,450000.0,3.2500,12.2671,0.2019,62.2496,96.0483,0
0.0860,450000.0,3.3000,12.1089,0.2019,62.5723,96.0493,0
0.0860,450000.0,3.3500,11.9492,0.2019,62.8897,96.0506,0
0.0860,450000.0,3.4000,11.7882,0.2019,63.2019,96.0519,0
0.0860,450000.0,3.4500,11.6260,0.2019,63.5090,96.0533,0
0.0860,450000.0,3.5000,11.4627,0.2019,63.8112,96.0547,0
0.0860,450000.0,3.5500,11.2982,0.2019,64.1085,96.0569,0
0.0860,450000.0,3.6000,11.1329,0.2019,64.4011,96.0592,0
0.0860,450000.0,3.6500,10.9667,0.2019,64.6890,96.0615,0
0.0860,450000.0,3.7000,10.7998,0.2019,64.9724,96.0649,0
0.0860,450000.0,3.7500,10.6322,0.2019,65.2513,96.0679,0
0.0860,450000.0,3.8000,10.4643,0.2019,65.5259,96.0716,0
0.1220,200000.0,3.2000,12.5171,0.2864,62.8594,96.0502,0
0.1220,200000.0,3.2500,12.3596,0.2864,63.1789,96.0515,0
0.1220,200000.0,3.3000,12.2005,0.2864,63.4931,96.0531,0
0.1220,200000.0,3.3500,12.0399,0.2864,63.8021,96.0552,0
0.1220,200000.0,3.4000,11.8779,0.2864,64.1061,96.0568,0
0.1220,200000.0,3.4500,11.7145,0.2864,64.4051,96.0591,0
0.1220,200000.0,3.5000,11.5499,0.2864,64.6993,96.0616,0
0.1220,200000.0,3.5500,11.3841,0.2864,64.9888,96.0648,0
0.1220,200000.0,3.6000,11.2172,0.2864,65.2737,96.0682,0
0.1220,200000.0,3.6500,11.0494,0.2864,65.5540,96.0718,0
0.1220,200000.0,3.7000,10.8808,0.2864,65.8300,96.0764,0
0.1220,200000.0,3.7500,10.7114,0.2864,66.1016,96.0813,0
0.1220,200000.0,3.8000,10.5416,0.2864,66.3689,96.0865,0
0.1220,231250.0,3.2000,12.5170,0.2864,62.8594,96.0502,0
0.1220,231250.0,3.2500,12.3594,0.2864,63.1789,96.0516,0
0.1220,231250.0,3.3000,12.2004,0.2864,63.4931,96.0530,0
0.1220,231250.0,3.3500,12.0398,0.2864,63.8021,96.0551,0
0.1220,231250.0,3.4000,11.8778,0.2864,64.1061,96.0568,0
0.1220,231250.0,3.4500,11.7144,0.2864,64.4051,96.0591,0
0.1220,231250.0,3.5000,11.5498,0.2864,64.6993,96.0617,0
0.1220,231250.0,3.5500,11.3840,0.2864,64.9888,96.0649,0
0.1220,231250.0,3.6000,11.2171,0.2864,65.2737,96.0683,0
0.1220,231250.0,3.6500,11.0493,0.2864,65.5540,96.0719,0
0.1220,231250.0,3.7000,10.8807,0.2864,65.8300,96.0764,0
0.1220,231250.0,3.7500,10.7113,0.2864,66.1016,96.0813,0
0.1220,231250.0,3.8000,10.5414,0.2864,66.3689,96.0861,0
0.1220,262500.0,3.2000,12.5168,0.2864,62.8594,96.0503,0
0.1220,262500.0,3.2500,12.3593,0.2864,63.1789,96.0514,0
0.1220,262500.0,3.3000,12.2002,0.2864,63.4931,96.0531,0
0.1220,262500.0,3.3500,12.0396,0.2864,63.8021,96.0552,0
0.1220,262500.0,3.4000,11.8776,0.2864,64.1061,96.0569,0
0.1220,262500.0,3.4500,11.7142,0.2864,64.4051,96.0592,0
0.1220,262500.0,3.5000,11.5496,0.2864,64.6993,96.0617,0
0.1220,262500.0,3.5500,11.3838,0.2864,64.9888,96.0648,0
0.1220,262500.0,3.6000,11.2169,0.2864,65.2737,96.0684,0
0.1220,262500.0,3.6500,11.0491,0.2864,65.5540,96.0720,0
0.1220,262500.0,3.7000,10.8805,0.2864,65.8300,96.0764,0
0.1220,262500.0,3.7500,10.7111,0.2864,66.1016,96.0814,0
0.1220,262500.0,3.8000,10.5412,0.2864,66.3689,96.0861,0
0.1220,293750.0,3.2000,12.5166,0.2864,62.8594,96.0503,0
0.1220,293750.0,3.2500,12.3591,0.2864,63.1789,96.0515,0
0.1220,293750.0,3.3000,12.2000,0.2864,63.4931,96.0531,0
0.1220,293750.0,3.3500,12.0394,0.2864,63.8021,96.0550,0
0.1220,293750.0,3.4000,11.8774,0.2864,64.1061,96.0570,0
0.1220,293750.0,3.4500,11.7140,0.2864,64.4051,96.0593,0
0.1220,293750.0,3.5000,11.5494,0.2864,64.6993,96.0618,0
0.1220,293750.0,3.5500,11.3836,0.2864,64.9888,96.0647,0
0.1220,293750.0,3.6000,11.2167,0.2864,65.2737,96.0683,0
0.1220,293750.0,3.6500,11.0489,0.2864,65.5540,96.0720,0
0.1220,293750.0,3.7000,10.8803,0.2864,65.8300,96.0765,0
0.1220,293750.0,3.7500,10.7109,0.2864,66.1016,96.0813,0
0.1220,293750.0,3.8000,10.5411,0.2864,66.3689,96.0862,0
0.1220,325000.0,3.2000,12.5164,0.2864,62.8594,96.0504,0
0.1220,325000.0,3.2500,12.3589,0.2864,63.1789,96.0515,0
0.1220,325000.0,3.3000,12.1998,0.2864,63.4931,96.0532,0
0.1220,325000.0,3.3500,12.0392,0.2864,63.8021,96.0550,0
0.1220,325000.0,3.4000,11.8772,0.2864,64.1061,96.0570,0
0.1220,325000.0,3.4500,11.7139,0.2864,64.4051,96.0593,0
0.1220,325000.0,3.5000,11.5492,0.2864,64.6993,96.0619,0
0.1220,325000.0,3.5500,11.3834,0.2864,64.9888,96.0648,0
0.1220,325000.0,3.6000,11.2165,0.2864,65.2737,96.0683,0
0.1220,325000.0,3.6500,11.0487,0.2864,65.5540,96.0721,0
0.1220,325000.0,3.7000,10.8801,0.2864,65.8300,96.0762,0
0.1220,325000.0,3.7500,10.7108,0.2864,66.1016,96.0814,0
0.1220,325000.0,3.8000,10.5409,0.2864,66.3689,96.0863,0
0.1220,356250.0,3.2000,12.5162,0.2864,62.8594,96.0504,0
0.1220,356250.0,3.2500,12.3587,0.2864,63.1789,96.0515,0
0.1220,356250.0,3.3000,12.1997,0.2864,63.4931,96.0532,0
0.1220,356250.0,3.3500,12.0391,0.2864,63.8021,96.0548,0
0.1220,356250.0,3.4000,11.8771,0.2864,64.1061,96.0570,0
0.1220,356250.0,3.4500,11.7137,0.2864,64.4051,96.0594,0
0.1220,356250.0,3.5000,11.5490,0.2864,64.6993,96.0619,0
0.1220,356250.0,3.5500,11.3832,0.2864,64.9888,96.0648,0
0.1220,356250.0,3.6000,11.2164,0.2864,65.2737,96.0684,0
0.1220,356250.0,3.6500,11.0485,0.2864,65.5540,96.0718,0
0.1220,356250.0,3.7000,10.8799,0.2864,65.8300,96.0761,0
0.1220,356250.0,3.7500,10.7106,0.2864,66.1016,96.0810,0
0.1220,356250.0,3.8000,10.5407,0.2864,66.3689,96.0864,0
0.1220,387500.0,3.2000,12.5161,0.2864,62.8594,96.0504,0
0.1220,387500.0,3.2500,12.3586,0.2864,63.1789,96.0516,0
0.1220,387500.0,3.3000,12.1995,0.2864,63.4931,96.0532,0
0.1220,387500.0,3.3500,12.0389,0.2864,63.8021,96.0548,0
0.1220,387500.0,3.4000,11.8769,0.2864,64.1061,96.0570,0
0.1220,387500.0,3.4500,11.7135,0.2864,64.4051,96.0594,0
0.1220,387500.0,3.5000,11.5489,0.2864,64.6993,96.0620,0
0.1220,387500.0,3.5500,11.3831,0.2864,64.9888,96.0649,0
0.1220,387500.0,3.6000,11.2162,0.2864,65.2737,96.0684,0
0.1220,387500.0,3.6500,11.0484,0.2864,65.5540,96.0719,0
0.1220,387500.0,3.7000,10.8797,0.2864,65.8300,96.0758,0
0.1220,387500.0,3.7500,10.7104,0.2864,66.1016,96.0811,0
0.1220,387500.0,3.8000,10.5405,0.2864,66.3689,96.0865,0
0.1220,418750.0,3.2000,12.5159,0.2864,62.8594,96.0504,0
0.1220,418750.0,3.2500,12.3584,0.2864,63.1789,96.0516,0
0.1220,418750.0,3.3000,12.1993,0.2864,63.4931,96.0531,0
0.1220,418750.0,3.3500,12.0387,0.2864,63.8021,96.0549,0
0.1220,418750.0,3.4000,11.8767,0.2864,64.1061,96.0571,0
0.1220,418750.0,3.4500,11.7134,0.2864,64.4051,96.0595,0
0.1220,418750.0,3.5000,11.5487,0.2864,64.6993,96.0620,0
0.1220,418750.0,3.5500,11.3829,0.2864,64.9888,96.0646,0
0.1220,418750.0,3.6000,11.2160,0.2864,65.2737,96.0682,0
0.1220,418750.0,3.6500,11.0482,0.2864,65.5540,96.0720,0
0.1220,418750.0,3.7000,10.8796,0.2864,65.8300,96.0758,0
0.1220,418750.0,3.7500,10.7103,0.2864,66.1016,96.0811,0
0.1220,418750.0,3.8000,10.5404,0.2864,66.3689,96.0861,0
0.1220,450000.0,3.2000,12.5158,0.2864,62.8594,96.0504,0
0.1220,450000.0,3.2500,12.3583,0.2864,63.1789,96.0515,0
0.1220,450000.0,3.3000,12.1992,0.2864,63.4931,96.0531,0
0.1220,450000.0,3.3500,12.0386,0.2864,63.8021,96.0549,0
0.1220,450000.0,3.4000,11.8766,0.2864,64.1061,96.0569,0
0.1220,450000.0,3.4500,11.7132,0.2864,64.4051,96.0594,0
0.1220,450000.0,3.5000,11.5486,0.2864,64.6993,96.0621,0
0.1220,450000.0,3.5500,11.3828,0.2864,64.9888,96.0647,0
0.1220,450000.0,3.6000,11.2159,0.2864,65.2737,96.0682,0
0.1220,450000.0,3.6500,11.0481,0.2864,65.5540,96.0720,0
0.1220,450000.0,3.7000,10.8795,0.2864,65.8300,96.0759,0
0.1220,450000.0,3.7500,10.7101,0.2864,66.1016,96.0812,0
0.1220,450000.0,3.8000,10.5403,0.2864,66.3689,96.0862,0
0.1580,200000.0,3.2000,12.5943,0.3710,63.7973,96.0549,0
0.1580,200000.0,3.2500,12.4362,0.3710,64.1082,96.0571,0
0.1580,200000.0,3.3000,12.2765,0.3710,64.4139,96.0591,0
0.1580,200000.0,3.3500,12.1151,0.3710,64.7145,96.0618,0
0.1580,200000.0,3.4000,11.9522,0.3710,65.0103,96.0653,0
0.1580,200000.0,3.4500,11.7879,0.3710,65.3013,96.0683,0
0.1580,200000.0,3.5000,11.6222,0.3710,65.5875,96.0726,0
0.1580,200000.0,3.5500,11.4552,0.3710,65.8692,96.0770,0
0.1580,200000.0,3.6000,11.2871,0.3710,66.1463,96.0819,0
0.1580,200000.0,3.6500,11.1179,0.3710,66.4191,96.0879,0
0.1580,200000.0,3.7000,10.9478,0.3710,66.6875,96.0937,0
0.1580,200000.0,3.7500,10.7770,0.3710,66.9518,96.1006,0
0.1580,200000.0,3.8000,10.6055,0.3710,67.2119,96.1085,0
0.1580,231250.0,3.2000,12.5942,0.3710,63.7973,96.0549,0
0.1580,231250.0,3.2500,12.4361,0.3710,64.1082,96.0570,0
0.1580,231250.0,3.3000,12.2763,0.3710,64.4139,96.0591,0
0.1580,231250.0,3.3500,12.1150,0.3710,64.7145,96.0619,0
0.1580,231250.0,3.4000,11.9521,0.3710,65.0103,96.0653,0
0.1580,231250.0,3.4500,11.7877,0.3710,65.3013,96.0683,0
0.1580,231250.0,3.5000,11.6220,0.3710,65.5875,96.0726,0
0.1580,231250.0,3.5500,11.4551,0.3710,65.8692,96.0771,0
0.1580,231250.0,3.6000,11.2870,0.3710,66.1463,96.0819,0
0.1580,231250.0,3.6500,11.1178,0.3710,66.4191,96.0876,0
0.1580,231250.0,3.7000,10.9477,0.3710,66.6875,96.0934,0
0.1580,231250.0,3.7500,10.7769,0.3710,66.9518,96.1007,0
0.1580,231250.0,3.8000,10.6054,0.3710,67.2119,96.1086,0
0.1580,262500.0,3.2000,12.5940,0.3710,63.7973,96.0548,0
0.1580,262500.0,3.2500,12.4359,0.3710,64.1082,96.0570,0
0.1580,262500.0,3.3000,12.2761,0.3710,64.4139,96.0592,0
0.1580,262500.0,3.3500,12.1147,0.3710,64.7145,96.0618,0
0.1580,262500.0,3.4000,11.9519,0.3710,65.0103,96.0653,0
0.1580,262500.0,3.4500,11.7875,0.3710,65.3013,96.0684,0
0.1580,262500.0,3.5000,11.6218,0.3710,65.5875,96.0727,0
0.1580,262500.0,3.5500,11.4548,0.3710,65.8692,96.0770,0
0.1580,262500.0,3.6000,11.2867,0.3710,66.1463,96.0820,0
0.1580,262500.0,3.6500,11.1176,0.3710,66.4191,96.0874,0
0.1580,262500.0,3.7000,10.9475,0.3710,66.6875,96.0935,0
0.1580,262500.0,3.7500,10.7766,0.3710,66.9518,96.1008,0
0.1580,262500.0,3.8000,10.6051,0.3710,67.2119,96.1087,0
0.1580,293750.0,3.2000,12.5937,0.3710,63.7973,96.0549,0
0.1580,293750.0,3.2500,12.4356,0.3710,64.1082,96.0571,0
0.1580,293750.0,3.3000,12.2759,0.3710,64.4139,96.0592,0
0.1580,293750.0,3.3500,12.1145,0.3710,64.7145,96.0618,0
0.1580,293750.0,3.4000,11.9516,0.3710,65.0103,96.0654,0
0.1580,293750.0,3.4500,11.7873,0.3710,65.3013,96.0685,0
0.1580,293750.0,3.5000,11.6216,0.3710,65.5875,96.0727,0
0.1580,293750.0,3.5500,11.4546,0.3710,65.8692,96.0771,0
0.1580,293750.0,3.6000,11.2865,0.3710,66.1463,96.0821,0
0.1580,293750.0,3.6500,11.1174,0.3710,66.4191,96.0873,0
0.1580,293750.0,3.7000,10.9473,0.3710,66.6875,96.0936,0
0.1580,293750.0,3.7500,10.7764,0.3710,66.9518,96.1008,0
0.1580,293750.0,3.8000,10.6049,0.3710,67.2119,96.1087,0
0.1580,325000.0,3.2000,12.5935,0.3710,63.7973,96.0547,0
0.1580,325000.0,3.2500,12.4354,0.3710,64.1082,96.0571,0
0.1580,325000.0,3.3000,12.2757,0.3710,64.4139,96.0593,0
0.1580,325000.0,3.3500,12.1143,0.3710,64.7145,96.0619,0
0.1580,325000.0,3.4000,11.9514,0.3710,65.0103,96.0649,0
0.1580,325000.0,3.4500,11.7871,0.3710,65.3013,96.0685,0
0.1580,325000.0,3.5000,11.6214,0.3710,65.5875,96.0725,0
0.1580,325000.0,3.5500,11.4544,0.3710,65.8692,96.0768,0
0.1580,325000.0,3.6000,11.2863,0.3710,66.1463,96.0821,0
0.1580,325000.0,3.6500,11.1171,0.3710,66.4191,96.0874,0
0.1580,325000.0,3.7000,10.9471,0.3710,66.6875,96.0936,0
0.1580,325000.0,3.7500,10.7762,0.3710,66.9518,96.1009,0
0.1580,325000.0,3.8000,10.6047,0.3710,67.2119,96.1088,0
0.1580,356250.0,3.2000,12.5934,0.3710,63.7973,96.0548,0
0.1580,356250.0,3.2500,12.4353,0.3710,64.1082,96.0569,0
0.1580,356250.0,3.3000,12.2755,0.3710,64.4139,96.0593,0
0.1580,356250.0,3.3500,12.1141,0.3710,64.7145,96.0620,0
0.1580,356250.0,3.4000,11.9512,0.3710,65.0103,96.0650,0
0.1580,356250.0,3.4500,11.7869,0.3710,65.3013,96.0686,0
0.1580,356250.0,3.5000,11.6212,0.3710,65.5875,96.0723,0
0.1580,356250.0,3.5500,11.4542,0.3710,65.8692,96.0766,0
0.1580,356250.0,3.6000,11.2861,0.3710,66.1463,96.0821,0
0.1580,356250.0,3.6500,11.1169,0.3710,66.4191,96.0875,0
0.1580,356250.0,3.7000,10.9469,0.3710,66.6876,96.0937,0
0.1580,356250.0,3.7500,10.7760,0.3710,66.9518,96.1010,0
0.1580,356250.0,3.8000,10.6045,0.3710,67.2119,96.1089,0
0.1580,387500.0,3.2000,12.5932,0.3710,63.7973,96.0548,0
0.1580,387500.0,3.2500,12.4351,0.3710,64.1082,96.0568,0
0.1580,387500.0,3.3000,12.2753,0.3710,64.4139,96.0592,0
0.1580,387500.0,3.3500,12.1139,0.3710,64.7145,96.0620,0
0.1580,387500.0,3.4000,11.9511,0.3710,65.0103,96.0648,0
0.1580,387500.0,3.4500,11.7867,0.3710,65.3013,96.0686,0
0.1580,387500.0,3.5000,11.6210,0.3710,65.5875,96.0724,0
0.1580,387500.0,3.5500,11.4540,0.3710,65.8692,96.0766,0
0.1580,387500.0,3.6000,11.2859,0.3710,66.1463,96.0821,0
0.1580,387500.0,3.6500,11.1168,0.3710,66.4191,96.0876,0
0.1580,387500.0,3.7000,10.9467,0.3710,66.6876,96.0938,0
0.1580,387500.0,3.7500,10.7758,0.3710,66.9518,96.1008,0
0.1580,387500.0,3.8000,10.6043,0.3710,67.2119,96.1090,0
0.1580,418750.0,3.2000,12.5930,0.3710,63.7973,96.0549,0
0.1580,418750.0,3.2500,12.4349,0.3710,64.1082,96.0568,0
0.1580,418750.0,3.3000,12.2751,0.3710,64.4139,96.0591,0
0.1580,418750.0,3.3500,12.1138,0.3710,64.7145,96.0619,0
0.1580,418750.0,3.4000,11.9509,0.3710,65.0103,96.0648,0
0.1580,418750.0,3.4500,11.7865,0.3710,65.3013,96.0687,0
0.1580,418750.0,3.5000,11.6208,0.3710,65.5875,96.0722,0
0.1580,418750.0,3.5500,11.4539,0.3710,65.8692,96.0767,0
0.1580,418750.0,3.6000,11.2857,0.3710,66.1463,96.0822,0
0.1580,418750.0,3.6500,11.1166,0.3710,66.4191,96.0877,0
0.1580,418750.0,3.7000,10.9465,0.3710,66.6876,96.0939,0
0.1580,418750.0,3.7500,10.7757,0.3710,66.9518,96.1009,0
0.1580,418750.0,3.8000,10.6042,0.3710,67.2119,96.1085,0
0.1580,450000.0,3.2000,12.5929,0.3710,63.7973,96.0549,0
0.1580,450000.0,3.2500,12.4348,0.3710,64.1082,96.0567,0
0.1580,450000.0,3.3000,12.2750,0.3710,64.4139,96.0592,0
0.1580,450000.0,3.3500,12.1136,0.3710,64.7145,96.0619,0
0.1580,450000.0,3.4000,11.9507,0.3710,65.0103,96.0649,0
0.1580,450000.0,3.4500,11.7864,0.3710,65.3013,96.0687,0
0.1580,450000.0,3.5000,11.6207,0.3710,65.5875,96.0722,0
0.1580,450000.0,3.5500,11.4537,0.3710,65.8692,96.0768,0
0.1580,450000.0,3.6000,11.2856,0.3710,66.1463,96.0819,0
0.1580,450000.0,3.6500,11.1164,0.3710,66.4191,96.0874,0
0.1580,450000.0,3.7000,10.9464,0.3710,66.6876,96.0939,0
0.1580,450000.0,3.7500,10.7755,0.3710,66.9518,96.1006,0
0.1580,450000.0,3.8000,10.6040,0.3710,67.2119,96.1086,0
0.1940,200000.0,3.2000,12.6590,0.4555,64.7352,96.0621,0
0.1940,200000.0,3.2500,12.5004,0.4555,65.0374,96.0656,0
0.1940,200000.0,3.3000,12.3401,0.4555,65.3346,96.0690,0
0.1940,200000.0,3.3500,12.1781,0.4555,65.6270,96.0733,0
0.1940,200000.0,3.4000,12.0145,0.4555,65.9145,96.0777,0
0.1940,200000.0,3.4500,11.8493,0.4555,66.1974,96.0831,0
0.1940,200000.0,3.5000,11.6828,0.4555,66.4757,96.0890,0
0.1940,200000.0,3.5500,11.5148,0.4555,66.7495,96.0955,0
0.1940,200000.0,3.6000,11.3457,0.4555,67.0190,96.1032,0
0.1940,200000.0,3.6500,11.1754,0.4555,67.2842,96.1110,0
0.1940,200000.0,3.7000,11.0041,0.4555,67.5451,96.1203,0
0.1940,200000.0,3.7500,10.8320,0.4555,67.8020,96.1306,0
0.1940,200000.0,3.8000,10.6592,0.4555,68.0549,96.1417,0
0.1940,231250.0,3.2000,12.6589,0.4555,64.7352,96.0622,0
0.1940,231250.0,3.2500,12.5003,0.4555,65.0374,96.0654,0
0.1940,231250.0,3.3000,12.3399,0.4555,65.3346,96.0689,0
0.1940,231250.0,3.3500,12.1779,0.4555,65.6270,96.0734,0
0.1940,231250.0,3.4000,12.0143,0.4555,65.9145,96.0778,0
0.1940,231250.0,3.4500,11.8492,0.4555,66.1974,96.0832,0
0.1940,231250.0,3.5000,11.6826,0.4555,66.4757,96.0889,0
0.1940,231250.0,3.5500,11.5147,0.4555,66.7495,96.0956,0
0.1940,231250.0,3.6000,11.3455,0.4555,67.0190,96.1030,0
0.1940,231250.0,3.6500,11.1752,0.4555,67.2842,96.1111,0
0.1940,231250.0,3.7000,11.0040,0.4555,67.5451,96.1204,0
0.1940,231250.0,3.7500,10.8319,0.4555,67.8020,96.1304,0
0.1940,231250.0,3.8000,10.6590,0.4555,68.0549,96.1418,0
0.1940,262500.0,3.2000,12.6586,0.4555,64.7352,96.0622,0
0.1940,262500.0,3.2500,12.5000,0.4555,65.0374,96.0653,0
0.1940,262500.0,3.3000,12.3397,0.4555,65.3346,96.0688,0
0.1940,262500.0,3.3500,12.1777,0.4555,65.6270,96.0731,0
0.1940,262500.0,3.4000,12.0141,0.4555,65.9145,96.0778,0
0.1940,262500.0,3.4500,11.8490,0.4555,66.1974,96.0831,0
0.1940,262500.0,3.5000,11.6824,0.4555,66.4757,96.0890,0
0.1940,262500.0,3.5500,11.5144,0.4555,66.7495,96.0956,0
0.1940,262500.0,3.6000,11.3453,0.4555,67.0190,96.1030,0
0.1940,262500.0,3.6500,11.1750,0.4555,67.2842,96.1112,0
0.1940,262500.0,3.7000,11.0037,0.4555,67.5451,96.1205,0
0.1940,262500.0,3.7500,10.8316,0.4555,67.8020,96.1299,0
0.1940,262500.0,3.8000,10.6588,0.4555,68.0549,96.1414,0
0.1940,293750.0,3.2000,12.6584,0.4555,64.7352,96.0623,0
0.1940,293750.0,3.2500,12.4998,0.4555,65.0374,96.0654,0
0.1940,293750.0,3.3000,12.3395,0.4555,65.3347,96.0689,0
0.1940,293750.0,3.3500,12.1775,0.4555,65.6270,96.0730,0
0.1940,293750.0,3.4000,12.0139,0.4555,65.9145,96.0778,0
0.1940,293750.0,3.4500,11.8487,0.4555,66.1974,96.0831,0
0.1940,293750.0,3.5000,11.6821,0.4555,66.4757,96.0891,0
0.1940,293750.0,3.5500,11.5142,0.4555,66.7495,96.0956,0
0.1940,293750.0,3.6000,11.3451,0.4555,67.0190,96.1028,0
0.1940,293750.0,3.6500,11.1748,0.4555,67.2842,96.1112,0
0.1940,293750.0,3.7000,11.0035,0.4555,67.5451,96.1205,0
0.1940,293750.0,3.7500,10.8314,0.4555,67.8020,96.1300,0
0.1940,293750.0,3.8000,10.6586,0.4555,68.0549,96.1415,0
0.1940,325000.0,3.2000,12.6582,0.4555,64.7352,96.0623,0
0.1940,325000.0,3.2500,12.4996,0.4555,65.0374,96.0652,0
0.1940,325000.0,3.3000,12.3392,0.4555,65.3347,96.0689,0
0.1940,325000.0,3.3500,12.1772,0.4555,65.6270,96.0731,0
0.1940,325000.0,3.4000,12.0136,0.4555,65.9145,96.0779,0
0.1940,325000.0,3.4500,11.8485,0.4555,66.1974,96.0831,0
0.1940,325000.0,3.5000,11.6819,0.4555,66.4757,96.0891,0
0.1940,325000.0,3.5500,11.5140,0.4555,66.7495,96.0957,0
0.1940,325000.0,3.6000,11.3448,0.4555,67.0190,96.1028,0
0.1940,325000.0,3.6500,11.1746,0.4555,67.2842,96.1110,0
0.1940,325000.0,3.7000,11.0033,0.4555,67.5451,96.1206,0
0.1940,325000.0,3.7500,10.8312,0.4555,67.8020,96.1301,0
0.1940,325000.0,3.8000,10.6583,0.4555,68.0549,96.1415,0
0.1940,356250.0,3.2000,12.6580,0.4555,64.7352,96.0623,0
0.1940,356250.0,3.2500,12.4994,0.4555,65.0374,96.0652,0
0.1940,356250.0,3.3000,12.3390,0.4555,65.3347,96.0690,0
0.1940,356250.0,3.3500,12.1770,0.4555,65.6270,96.0731,0
0.1940,356250.0,3.4000,12.0134,0.4555,65.9145,96.0779,0
0.1940,356250.0,3.4500,11.8483,0.4555,66.1974,96.0831,0
0.1940,356250.0,3.5000,11.6817,0.4555,66.4757,96.0889,0
0.1940,356250.0,3.5500,11.5138,0.4555,66.7495,96.0958,0
0.1940,356250.0,3.6000,11.3446,0.4555,67.0190,96.1026,0
0.1940,356250.0,3.6500,11.1743,0.4555,67.2842,96.1111,0
0.1940,356250.0,3.7000,11.0031,0.4555,67.5451,96.1207,0
0.1940,356250.0,3.7500,10.8310,0.4555,67.8020,96.1302,0
0.1940,356250.0,3.8000,10.6581,0.4555,68.0549,96.1416,0
0.1940,387500.0,3.2000,12.6577,0.4555,64.7352,96.0622,0
0.1940,387500.0,3.2500,12.4992,0.4555,65.0374,96.0653,0
0.1940,387500.0,3.3000,12.3388,0.4555,65.3347,96.0689,0
0.1940,387500.0,3.3500,12.1768,0.4555,65.6270,96.0729,0
0.1940,387500.0,3.4000,12.0132,0.4555,65.9145,96.0778,0
0.1940,387500.0,3.4500,11.8481,0.4555,66.1974,96.0832,0
0.1940,387500.0,3.5000,11.6815,0.4555,66.4757,96.0890,0
0.1940,387500.0,3.5500,11.5136,0.4555,66.7495,96.0957,0
0.1940,387500.0,3.6000,11.3444,0.4555,67.0190,96.1027,0
0.1940,387500.0,3.6500,11.1741,0.4555,67.2842,96.1111,0
0.1940,387500.0,3.7000,11.0029,0.4555,67.5451,96.1206,0
0.1940,387500.0,3.7500,10.8308,0.4555,67.8020,96.1303,0
0.1940,387500.0,3.8000,10.6579,0.4555,68.0549,96.1417,0
0.1940,418750.0,3.2000,12.6576,0.4555,64.7352,96.0622,0
0.1940,418750.0,3.2500,12.4990,0.4555,65.0374,96.0653,0
0.1940,418750.0,3.3000,12.3386,0.4555,65.3347,96.0689,0
0.1940,418750.0,3.3500,12.1766,0.4555,65.6270,96.0730,0
0.1940,418750.0,3.4000,12.0130,0.4555,65.9145,96.0776,0
0.1940,418750.0,3.4500,11.8479,0.4555,66.1974,96.0829,0
0.1940,418750.0,3.5000,11.6813,0.4555,66.4757,96.0890,0
0.1940,418750.0,3.5500,11.5134,0.4555,66.7495,96.0955,0
0.1940,418750.0,3.6000,11.3442,0.4555,67.0190,96.1027,0
0.1940,418750.0,3.6500,11.1740,0.4555,67.2842,96.1112,0
0.1940,418750.0,3.7000,11.0027,0.4555,67.5451,96.1203,0
0.1940,418750.0,3.7500,10.8306,0.4555,67.8020,96.1304,0
0.1940,418750.0,3.8000,10.6578,0.4555,68.0549,96.1418,0
0.1940,450000.0,3.2000,12.6574,0.4555,64.7352,96.0623,0
0.1940,450000.0,3.2500,12.4988,0.4555,65.0374,96.0653,0
0.1940,450000.0,3.3000,12.3385,0.4555,65.3347,96.0689,0
0.1940,450000.0,3.3500,12.1765,0.4555,65.6270,96.0730,0
0.1940,450000.0,3.4000,12.0129,0.4555,65.9145,96.0776,0
0.1940,450000.0,3.4500,11.8477,0.4555,66.1974,96.0830,0
0.1940,450000.0,3.5000,11.6812,0.4555,66.4757,96.0891,0
0.1940,450000.0,3.5500,11.5132,0.4555,66.7495,96.0955,0
0.1940,450000.0,3.6000,11.3441,0.4555,67.0190,96.1028,0
0.1940,450000.0,3.6500,11.1738,0.4555,67.2842,96.1113,0
0.1940,450000.0,3.7000,11.0026,0.4555,67.5451,96.1204,0
0.1940,450000.0,3.7500,10.8304,0.4555,67.8020,96.1304,0
0.1940,450000.0,3.8000,10.6576,0.4555,68.0549,96.1414,0
0.2300,200000.0,3.2000,12.7132,0.5400,65.6731,96.0740,0
0.2300,200000.0,3.2500,12.5542,0.5400,65.9667,96.0788,0
0.2300,200000.0,3.3000,12.3934,0.5400,66.2554,96.0843,0
0.2300,200000.0,3.3500,12.2309,0.5400,66.5394,96.0905,0
0.2300,200000.0,3.4000,12.0667,0.5400,66.8188,96.0972,0
0.2300,200000.0,3.4500,11.9009,0.5400,67.0936,96.1054,0
0.2300,200000.0,3.5000,11.7336,0.5400,67.3639,96.1142,0
0.2300,200000.0,3.5500,11.5649,0.5400,67.6299,96.1239,0
0.2300,200000.0,3.6000,11.3948,0.5400,67.8916,96.1346,0
0.2300,200000.0,3.6500,11.2236,0.5400,68.1492,96.1466,0
0.2300,200000.0,3.7000,11.0514,0.5400,68.4027,96.1602,0
0.2300,200000.0,3.7500,10.8782,0.5400,68.6522,96.1741,0
0.2300,200000.0,3.8000,10.7043,0.5400,68.8978,96.1901,0
0.2300,231250.0,3.2000,12.7130,0.5400,65.6731,96.0740,0
0.2300,231250.0,3.2500,12.5540,0.5400,65.9667,96.0788,0
0.2300,231250.0,3.3000,12.3932,0.5400,66.2554,96.0844,0
0.2300,231250.0,3.3500,12.2307,0.5400,66.5394,96.0903,0
0.2300,231250.0,3.4000,12.0665,0.5400,66.8188,96.0973,0
0.2300,231250.0,3.4500,11.9007,0.5400,67.0936,96.1055,0
0.2300,231250.0,3.5000,11.7334,0.5400,67.3639,96.1142,0
0.2300,231250.0,3.5500,11.5647,0.5400,67.6299,96.1240,0
0.2300,231250.0,3.6000,11.3947,0.5400,67.8916,96.1345,0
0.2300,231250.0,3.6500,11.2235,0.5400,68.1492,96.1467,0
0.2300,231250.0,3.7000,11.0512,0.5400,68.4027,96.1598,0
0.2300,231250.0,3.7500,10.8781,0.5400,68.6522,96.1741,0
0.2300,231250.0,3.8000,10.7041,0.5400,68.8978,96.1902,0
0.2300,262500.0,3.2000,12.7128,0.5400,65.6731,96.0741,0
0.2300,262500.0,3.2500,12.5538,0.5400,65.9667,96.0789,0
0.2300,262500.0,3.3000,12.3930,0.5400,66.2554,96.0842,0
0.2300,262500.0,3.3500,12.2305,0.5400,66.5394,96.0904,0
0.2300,262500.0,3.4000,12.0663,0.5400,66.8188,96.0973,0
0.2300,262500.0,3.4500,11.9005,0.5400,67.0936,96.1056,0
0.2300,262500.0,3.5000,11.7332,0.5400,67.3639,96.1143,0
0.2300,262500.0,3.5500,11.5644,0.5400,67.6299,96.1236,0
0.2300,262500.0,3.6000,11.3944,0.5400,67.8916,96.1346,0
0.2300,262500.0,3.6500,11.2232,0.5400,68.1492,96.1468,0
0.2300,262500.0,3.7000,11.0510,0.5400,68.4027,96.1598,0
0.2300,262500.0,3.7500,10.8778,0.5400,68.6522,96.1743,0
0.2300,262500.0,3.8000,10.7039,0.5400,68.8978,96.1899,0
0.2300,293750.0,3.2000,12.7125,0.5400,65.6731,96.0739,0
0.2300,293750.0,3.2500,12.5535,0.5400,65.9667,96.0789,0
0.2300,293750.0,3.3000,12.3927,0.5400,66.2554,96.0842,0
0.2300,293750.0,3.3500,12.2302,0.5400,66.5394,96.0904,0
0.2300,293750.0,3.4000,12.0660,0.5400,66.8188,96.0974,0
0.2300,293750.0,3.4500,11.9002,0.5400,67.0936,96.1055,0
0.2300,293750.0,3.5000,11.7329,0.5400,67.3639,96.1140,0
0.2300,293750.0,3.5500,11.5642,0.5400,67.6299,96.1237,0
0.2300,293750.0,3.6000,11.3942,0.5400,67.8916,96.1347,0
0.2300,293750.0,3.6500,11.2230,0.5400,68.1492,96.1467,0
0.2300,293750.0,3.7000,11.0508,0.5400,68.4027,96.1599,0
0.2300,293750.0,3.7500,10.8776,0.5400,68.6522,96.1742,0
0.2300,293750.0,3.8000,10.7037,0.5400,68.8978,96.1901,0
0.2300,325000.0,3.2000,12.7123,0.5400,65.6731,96.0738,0
0.2300,325000.0,3.2500,12.5533,0.5400,65.9667,96.0789,0
0.2300,325000.0,3.3000,12.3925,0.5400,66.2554,96.0843,0
0.2300,325000.0,3.3500,12.2300,0.5400,66.5394,96.0905,0
0.2300,325000.0,3.4000,12.0658,0.5400,66.8188,96.0974,0
0.2300,325000.0,3.4500,11.9000,0.5400,67.0936,96.1056,0
0.2300,325000.0,3.5000,11.7327,0.5400,67.3639,96.1141,0
0.2300,325000.0,3.5500,11.5640,0.5400,67.6299,96.1237,0
0.2300,325000.0,3.6000,11.3940,0.5400,67.8916,96.1348,0
0.2300,325000.0,3.6500,11.2228,0.5400,68.1492,96.1467,0
0.2300,325000.0,3.7000,11.0505,0.5400,68.4027,96.1600,0
0.2300,325000.0,3.7500,10.8774,0.5400,68.6522,96.1744,0
0.2300,325000.0,3.8000,10.7035,0.5400,68.8978,96.1897,0
0.2300,356250.0,3.2000,12.7121,0.5400,65.6731,96.0738,0
0.2300,356250.0,3.2500,12.5531,0.5400,65.9667,96.0786,0
0.2300,356250.0,3.3000,12.3923,0.5400,66.2554,96.0843,0
0.2300,356250.0,3.3500,12.2298,0.5400,66.5394,96.0905,0
0.2300,356250.0,3.4000,12.0656,0.5400,66.8188,96.0975,0
0.2300,356250.0,3.4500,11.8998,0.5400,67.0936,96.1056,0
0.2300,356250.0,3.5000,11.7325,0.5400,67.3639,96.1141,0
0.2300,356250.0,3.5500,11.5638,0.5400,67.6299,96.1238,0
0.2300,356250.0,3.6000,11.3938,0.5400,67.8916,96.1345,0
0.2300,356250.0,3.6500,11.2226,0.5400,68.1492,96.1468,0
0.2300,356250.0,3.7000,11.0503,0.5400,68.4027,96.1593,0
0.2300,356250.0,3.7500,10.8772,0.5400,68.6522,96.1745,0
0.2300,356250.0,3.8000,10.7032,0.5400,68.8978,96.1899,0
0.2300,387500.0,3.2000,12.7119,0.5400,65.6731,96.0738,0
0.2300,387500.0,3.2500,12.5529,0.5400,65.9667,96.0787,0
0.2300,387500.0,3.3000,12.3921,0.5400,66.2554,96.0844,0
0.2300,387500.0,3.3500,12.2295,0.5400,66.5394,96.0904,0
0.2300,387500.0,3.4000,12.0653,0.5400,66.8188,96.0975,0
0.2300,387500.0,3.4500,11.8996,0.5400,67.0936,96.1056,0
0.2300,387500.0,3.5000,11.7323,0.5400,67.3639,96.1140,0
0.2300,387500.0,3.5500,11.5635,0.5400,67.6299,96.1236,0
0.2300,387500.0,3.6000,11.3935,0.5400,67.8916,96.1346,0
0.2300,387500.0,3.6500,11.2224,0.5400,68.1492,96.1467,0
0.2300,387500.0,3.7000,11.0501,0.5400,68.4027,96.1594,0
0.2300,387500.0,3.7500,10.8770,0.5400,68.6522,96.1745,0
0.2300,387500.0,3.8000,10.7030,0.5400,68.8978,96.1900,0
0.2300,418750.0,3.2000,12.7116,0.5400,65.6731,96.0739,0
0.2300,418750.0,3.2500,12.5527,0.5400,65.9667,96.0787,0
0.2300,418750.0,3.3000,12.3919,0.5400,66.2554,96.0842,0
0.2300,418750.0,3.3500,12.2293,0.5400,66.5394,96.0905,0
0.2300,418750.0,3.4000,12.0651,0.5400,66.8188,96.0976,0
0.2300,418750.0,3.4500,11.8993,0.5400,67.0936,96.1057,0
0.2300,418750.0,3.5000,11.7320,0.5400,67.3639,96.1138,0
0.2300,418750.0,3.5500,11.5633,0.5400,67.6299,96.1236,0
0.2300,418750.0,3.6000,11.3933,0.5400,67.8916,96.1346,0
0.2300,418750.0,3.6500,11.2222,0.5400,68.1492,96.1468,0
0.2300,418750.0,3.7000,11.0499,0.5400,68.4027,96.1595,0
0.2300,418750.0,3.7500,10.8768,0.5400,68.6522,96.1742,0
0.2300,418750.0,3.8000,10.7029,0.5400,68.8978,96.1898,0
0.2300,450000.0,3.2000,12.7115,0.5400,65.6731,96.0739,0
0.2300,450000.0,3.2500,12.5525,0.5400,65.9667,96.0787,0
0.2300,450000.0,3.3000,12.3917,0.5400,66.2554,96.0842,0
0.2300,450000.0,3.3500,12.2292,0.5400,66.5394,96.0905,0
0.2300,450000.0,3.4000,12.0650,0.5400,66.8188,96.0976,0
0.2300,450000.0,3.4500,11.8992,0.5400,67.0936,96.1054,0
0.2300,450000.0,3.5000,11.7319,0.5400,67.3639,96.1138,0
0.2300,450000.0,3.5500,11.5632,0.5400,67.6299,96.1237,0
0.2300,450000.0,3.6000,11.3932,0.5400,67.8916,96.1346,0
0.2300,450000.0,3.6500,11.2220,0.5400,68.1492,96.1465,0
0.2300,450000.0,3.7000,11.0498,0.5400,68.4027,96.1596,0
0.2300,450000.0,3.7500,10.8766,0.5400,68.6522,96.1743,0
0.2300,450000.0,3.8000,10.7027,0.5400,68.8978,96.1899,0
0.2660,200000.0,3.2000,12.7586,0.6245,66.6110,96.0926,0
0.2660,200000.0,3.2500,12.5993,0.6245,66.8960,96.0998,0
0.2660,200000.0,3.3000,12.4381,0.6245,67.1762,96.1081,0
0.2660,200000.0,3.3500,12.2751,0.6245,67.4519,96.1176,0
0.2660,200000.0,3.4000,12.1105,0.6245,67.7230,96.1279,0
0.2660,200000.0,3.4500,11.9441,0.6245,67.9897,96.1397,0
0.2660,200000.0,3.5000,11.7762,0.6245,68.2521,96.1524,0
0.2660,200000.0,3.5500,11.6069,0.6245,68.5103,96.1663,0
0.2660,200000.0,3.6000,11.4362,0.6245,68.7643,96.1821,0
0.2660,200000.0,3.6500,11.2642,0.6245,69.0143,96.1992,0
0.2660,200000.0,3.7000,11.0912,0.6245,69.2603,96.2175,0
0.2660,200000.0,3.7500,10.9172,0.6245,69.5025,96.2380,0
0.2660,200000.0,3.8000,10.7423,0.6245,69.7408,96.2597,0
0.2660,231250.0,3.2000,12.7584,0.6245,66.6110,96.0924,0
0.2660,231250.0,3.2500,12.5991,0.6245,66.8960,96.0998,0
0.2660,231250.0,3.3000,12.4379,0.6245,67.1762,96.1081,0
0.2660,231250.0,3.3500,12.2750,0.6245,67.4519,96.1177,0
0.2660,231250.0,3.4000,12.1103,0.6245,67.7230,96.1279,0
0.2660,231250.0,3.4500,11.9440,0.6245,67.9897,96.1397,0
0.2660,231250.0,3.5000,11.7761,0.6245,68.2521,96.1524,0
0.2660,231250.0,3.5500,11.6067,0.6245,68.5103,96.1664,0
0.2660,231250.0,3.6000,11.4360,0.6245,68.7643,96.1818,0
0.2660,231250.0,3.6500,11.2641,0.6245,69.0143,96.1990,0
0.2660,231250.0,3.7000,11.0910,0.6245,69.2603,96.2175,0
0.2660,231250.0,3.7500,10.9170,0.6245,69.5025,96.2380,0
0.2660,231250.0,3.8000,10.7422,0.6245,69.7408,96.2598,0
0.2660,262500.0,3.2000,12.7582,0.6245,66.6110,96.0924,0
0.2660,262500.0,3.2500,12.5988,0.6245,66.8960,96.0999,0
0.2660,262500.0,3.3000,12.4377,0.6245,67.1762,96.1082,0
0.2660,262500.0,3.3500,12.2747,0.6245,67.4519,96.1177,0
0.2660,262500.0,3.4000,12.1100,0.6245,67.7230,96.1279,0
0.2660,262500.0,3.4500,11.9437,0.6245,67.9897,96.1397,0
0.2660,262500.0,3.5000,11.7758,0.6245,68.2521,96.1523,0
0.2660,262500.0,3.5500,11.6065,0.6245,68.5103,96.1664,0
0.2660,262500.0,3.6000,11.4358,0.6245,68.7643,96.1818,0
0.2660,262500.0,3.6500,11.2638,0.6245,69.0143,96.1991,0
0.2660,262500.0,3.7000,11.0908,0.6245,69.2603,96.2174,0
0.2660,262500.0,3.7500,10.9168,0.6245,69.5025,96.2381,0
0.2660,262500.0,3.8000,10.7419,0.6245,69.7408,96.2599,0
0.2660,293750.0,3.2000,12.7579,0.6245,66.6110,96.0925,0
0.2660,293750.0,3.2500,12.5986,0.6245,66.8960,96.0999,0
0.2660,293750.0,3.3000,12.4374,0.6245,67.1762,96.1082,0
0.2660,293750.0,3.3500,12.2745,0.6245,67.4519,96.1173,0
0.2660,293750.0,3.4000,12.1098,0.6245,67.7230,96.1280,0
0.2660,293750.0,3.4500,11.9435,0.6245,67.9897,96.1398,0
0.2660,293750.0,3.5000,11.7756,0.6245,68.2521,96.1523,0
0.2660,293750.0,3.5500,11.6062,0.6245,68.5103,96.1665,0
0.2660,293750.0,3.6000,11.4355,0.6245,68.7643,96.1819,0
0.2660,293750.0,3.6500,11.2636,0.6245,69.0143,96.1991,0
0.2660,293750.0,3.7000,11.0906,0.6245,69.2603,96.2175,0
0.2660,293750.0,3.7500,10.9166,0.6245,69.5025,96.2381,0
0.2660,293750.0,3.8000,10.7417,0.6245,69.7408,96.2600,0
0.2660,325000.0,3.2000,12.7577,0.6245,66.6110,96.0925,0
0.2660,325000.0,3.2500,12.5983,0.6245,66.8960,96.0997,0
0.2660,325000.0,3.3000,12.4372,0.6245,67.1762,96.1081,0
0.2660,325000.0,3.3500,12.2742,0.6245,67.4519,96.1173,0
0.2660,325000.0,3.4000,12.1096,0.6245,67.7230,96.1279,0
0.2660,325000.0,3.4500,11.9432,0.6245,67.9897,96.1398,0
0.2660,325000.0,3.5000,11.7754,0.6245,68.2521,96.1524,0
0.2660,325000.0,3.5500,11.6060,0.6245,68.5103,96.1664,0
0.2660,325000.0,3.6000,11.4353,0.6245,68.7643,96.1820,0
0.2660,325000.0,3.6500,11.2634,0.6245,69.0143,96.1992,0
0.2660,325000.0,3.7000,11.0903,0.6245,69.2603,96.2172,0
0.2660,325000.0,3.7500,10.9163,0.6245,69.5025,96.2375,0
0.2660,325000.0,3.8000,10.7415,0.6245,69.7408,96.2600,0
0.2660,356250.0,3.2000,12.7574,0.6245,66.6110,96.0923,0
0.2660,356250.0,3.2500,12.5981,0.6245,66.8960,96.0998,0
0.2660,356250.0,3.3000,12.4370,0.6245,67.1762,96.1081,0
0.2660,356250.0,3.3500,12.2740,0.6245,67.4519,96.1173,0
0.2660,356250.0,3.4000,12.1093,0.6245,67.7230,96.1279,0
0.2660,356250.0,3.4500,11.9430,0.6245,67.9897,96.1398,0
0.2660,356250.0,3.5000,11.7751,0.6245,68.2521,96.1520,0
0.2660,356250.0,3.5500,11.6058,0.6245,68.5103,96.1665,0
0.2660,356250.0,3.6000,11.4351,0.6245,68.7643,96.1821,0
0.2660,356250.0,3.6500,11.2632,0.6245,69.0143,96.1992,0
0.2660,356250.0,3.7000,11.0901,0.6245,69.2603,96.2173,0
0.2660,356250.0,3.7500,10.9161,0.6245,69.5025,96.2376,0
0.2660,356250.0,3.8000,10.7413,0.6245,69.7408,96.2601,0
0.2660,387500.0,3.2000,12.7572,0.6245,66.6110,96.0923,0
0.2660,387500.0,3.2500,12.5979,0.6245,66.8960,96.0998,0
0.2660,387500.0,3.3000,12.4367,0.6245,67.1762,96.1082,0
0.2660,387500.0,3.3500,12.2738,0.6245,67.4519,96.1174,0
0.2660,387500.0,3.4000,12.1091,0.6245,67.7230,96.1277,0
0.2660,387500.0,3.4500,11.9428,0.6245,67.9897,96.1398,0
0.2660,387500.0,3.5000,11.7749,0.6245,68.2521,96.1520,0
0.2660,387500.0,3.5500,11.6056,0.6245,68.5103,96.1665,0
0.2660,387500.0,3.6000,11.4349,0.6245,68.7643,96.1822,0
0.2660,387500.0,3.6500,11.2630,0.6245,69.0143,96.1992,0
0.2660,387500.0,3.7000,11.0899,0.6245,69.2603,96.2174,0
0.2660,387500.0,3.7500,10.9159,0.6245,69.5025,96.2373,0
0.2660,387500.0,3.8000,10.7411,0.6245,69.7408,96.2600,0
0.2660,418750.0,3.2000,12.7570,0.6245,66.6110,96.0924,0
0.2660,418750.0,3.2500,12.5977,0.6245,66.8960,96.0998,0
0.2660,418750.0,3.3000,12.4365,0.6245,67.1762,96.1082,0
0.2660,418750.0,3.3500,12.2736,0.6245,67.4519,96.1174,0
0.2660,418750.0,3.4000,12.1089,0.6245,67.7230,96.1278,0
0.2660,418750.0,3.4500,11.9426,0.6245,67.9897,96.1395,0
0.2660,418750.0,3.5000,11.7747,0.6245,68.2521,96.1521,0
0.2660,418750.0,3.5500,11.6054,0.6245,68.5103,96.1665,0
0.2660,418750.0,3.6000,11.4347,0.6245,68.7643,96.1819,0
0.2660,418750.0,3.6500,11.2628,0.6245,69.0143,96.1989,0
0.2660,418750.0,3.7000,11.0897,0.6245,69.2603,96.2172,0
0.2660,418750.0,3.7500,10.9157,0.6245,69.5025,96.2374,0
0.2660,418750.0,3.8000,10.7409,0.6245,69.7408,96.2601,0
0.2660,450000.0,3.2000,12.7568,0.6245,66.6110,96.0924,0
0.2660,450000.0,3.2500,12.5975,0.6245,66.8960,96.0998,0
0.2660,450000.0,3.3000,12.4364,0.6245,67.1762,96.1082,0
0.2660,450000.0,3.3500,12.2734,0.6245,67.4519,96.1174,0
0.2660,450000.0,3.4000,12.1087,0.6245,67.7230,96.1278,0
0.2660,450000.0,3.4500,11.9424,0.6245,67.9897,96.1396,0
0.2660,450000.0,3.5000,11.7746,0.6245,68.2521,96.1521,0
0.2660,450000.0,3.5500,11.6052,0.6245,68.5103,96.1665,0
0.2660,450000.0,3.6000,11.4345,0.6245,68.7643,96.1819,0
0.2660,450000.0,3.6500,11.2626,0.6245,69.0143,96.1990,0
0.2660,450000.0,3.7000,11.0896,0.6245,69.2603,96.2173,0
0.2660,450000.0,3.7500,10.9156,0.6245,69.5025,96.2375,0
0.2660,450000.0,3.8000,10.7408,0.6245,69.7408,96.2597,0
0.3020,200000.0,3.2000,12.7967,0.7091,67.5489,96.1217,0
0.3020,200000.0,3.2500,12.6371,0.7091,67.8253,96.1327,0
0.3020,200000.0,3.3000,12.4756,0.7091,68.0970,96.1451,0
0.3020,200000.0,3.3500,12.3123,0.7091,68.3643,96.1588,0
0.3020,200000.0,3.4000,12.1473,0.7091,68.6272,96.1740,0
0.3020,200000.0,3.4500,11.9805,0.7091,68.8858,96.1910,0
0.3020,200000.0,3.5000,11.8122,0.7091,69.1403,96.2092,0
0.3020,200000.0,3.5500,11.6423,0.7091,69.3906,96.2291,0
0.3020,200000.0,3.6000,11.4710,0.7091,69.6369,96.2510,0
0.3020,200000.0,3.6500,11.2985,0.7091,69.8793,96.2744,0
0.3020,200000.0,3.7000,11.1248,0.7091,70.1179,96.2999,1
0.3020,200000.0,3.7500,10.9501,0.7091,70.3527,96.3272,1
0.3020,200000.0,3.8000,10.7745,0.7091,70.5838,96.3561,1
0.3020,231250.0,3.2000,12.7965,0.7091,67.5489,96.1217,0
0.3020,231250.0,3.2500,12.6369,0.7091,67.8253,96.1327,0
0.3020,231250.0,3.3000,12.4755,0.7091,68.0970,96.1451,0
0.3020,231250.0,3.3500,12.3122,0.7091,68.3643,96.1587,0
0.3020,231250.0,3.4000,12.1471,0.7091,68.6272,96.1741,0
0.3020,231250.0,3.4500,11.9804,0.7091,68.8858,96.1908,0
0.3020,231250.0,3.5000,11.8120,0.7091,69.1403,96.2092,0
0.3020,231250.0,3.5500,11.6422,0.7091,69.3906,96.2292,0
0.3020,231250.0,3.6000,11.4709,0.7091,69.6369,96.2511,0
0.3020,231250.0,3.6500,11.2984,0.7091,69.8793,96.2745,0
0.3020,231250.0,3.7000,11.1247,0.7091,70.1179,96.2999,1
0.3020,231250.0,3.7500,10.9500,0.7091,70.3527,96.3273,1
0.3020,231250.0,3.8000,10.7744,0.7091,70.5838,96.3562,1
0.3020,262500.0,3.2000,12.7963,0.7091,67.5489,96.1217,0
0.3020,262500.0,3.2500,12.6367,0.7091,67.8253,96.1328,0
0.3020,262500.0,3.3000,12.4752,0.7091,68.0970,96.1452,0
0.3020,262500.0,3.3500,12.3119,0.7091,68.3643,96.1587,0
0.3020,262500.0,3.4000,12.1469,0.7091,68.6272,96.1740,0
0.3020,262500.0,3.4500,11.9801,0.7091,68.8858,96.1905,0
0.3020,262500.0,3.5000,11.8118,0.7091,69.1403,96.2090,0
0.3020,262500.0,3.5500,11.6419,0.7091,69.3906,96.2291,0
0.3020,262500.0,3.6000,11.4706,0.7091,69.6369,96.2508,0
0.3020,262500.0,3.6500,11.2981,0.7091,69.8793,96.2746,0
0.3020,262500.0,3.7000,11.1244,0.7091,70.1179,96.2997,1
0.3020,262500.0,3.7500,10.9497,0.7091,70.3527,96.3273,1
0.3020,262500.0,3.8000,10.7741,0.7091,70.5838,96.3563,1
0.3020,293750.0,3.2000,12.7960,0.7091,67.5489,96.1217,0
0.3020,293750.0,3.2500,12.6364,0.7091,67.8253,96.1328,0
0.3020,293750.0,3.3000,12.4750,0.7091,68.0970,96.1452,0
0.3020,293750.0,3.3500,12.3117,0.7091,68.3643,96.1588,0
0.3020,293750.0,3.4000,12.1466,0.7091,68.6272,96.1740,0
0.3020,293750.0,3.4500,11.9799,0.7091,68.8859,96.1906,0
0.3020,293750.0,3.5000,11.8115,0.7091,69.1403,96.2090,0
0.3020,293750.0,3.5500,11.6417,0.7091,69.3906,96.2292,0
0.3020,293750.0,3.6000,11.4704,0.7091,69.6369,96.2509,0
0.3020,293750.0,3.6500,11.2979,0.7091,69.8793,96.2746,0
0.3020,293750.0,3.7000,11.1242,0.7091,70.1179,96.2998,1
0.3020,293750.0,3.7500,10.9495,0.7091,70.3527,96.3271,1
0.3020,293750.0,3.8000,10.7739,0.7091,70.5838,96.3564,1
0.3020,325000.0,3.2000,12.7958,0.7091,67.5489,96.1218,0
0.3020,325000.0,3.2500,12.6362,0.7091,67.8253,96.1328,0
0.3020,325000.0,3.3000,12.4747,0.7091,68.0970,96.1450,0
0.3020,325000.0,3.3500,12.3114,0.7091,68.3643,96.1588,0
0.3020,325000.0,3.4000,12.1464,0.7091,68.6272,96.1741,0
0.3020,325000.0,3.4500,11.9796,0.7091,68.8859,96.1906,0
0.3020,325000.0,3.5000,11.8113,0.7091,69.1403,96.2091,0
0.3020,325000.0,3.5500,11.6414,0.7091,69.3906,96.2290,0
0.3020,325000.0,3.6000,11.4702,0.7091,69.6369,96.2509,0
0.3020,325000.0,3.6500,11.2977,0.7091,69.8793,96.2747,0
0.3020,325000.0,3.7000,11.1240,0.7091,70.1179,96.2999,1
0.3020,325000.0,3.7500,10.9493,0.7091,70.3527,96.3272,1
0.3020,325000.0,3.8000,10.7737,0.7091,70.5838,96.3566,1
0.3020,356250.0,3.2000,12.7955,0.7091,67.5489,96.1218,0
0.3020,356250.0,3.2500,12.6359,0.7091,67.8253,96.1328,0
0.3020,356250.0,3.3000,12.4745,0.7091,68.0970,96.1450,0
0.3020,356250.0,3.3500,12.3112,0.7091,68.3643,96.1589,0
0.3020,356250.0,3.4000,12.1461,0.7091,68.6272,96.1741,0
0.3020,356250.0,3.4500,11.9794,0.7091,68.8859,96.1907,0
0.3020,356250.0,3.5000,11.8111,0.7091,69.1403,96.2090,0
0.3020,356250.0,3.5500,11.6412,0.7091,69.3906,96.2291,0
0.3020,356250.0,3.6000,11.4700,0.7091,69.6369,96.2510,0
0.3020,356250.0,3.6500,11.2974,0.7091,69.8793,96.2748,0
0.3020,356250.0,3.7000,11.1238,0.7091,70.1179,96.2999,1
0.3020,356250.0,3.7500,10.9491,0.7091,70.3527,96.3269,1
0.3020,356250.0,3.8000,10.7735,0.7091,70.5838,96.3565,1
0.3020,387500.0,3.2000,12.7953,0.7091,67.5489,96.1214,0
0.3020,387500.0,3.2500,12.6357,0.7091,67.8253,96.1329,0
0.3020,387500.0,3.3000,12.4743,0.7091,68.0970,96.1451,0
0.3020,387500.0,3.3500,12.3110,0.7091,68.3643,96.1589,0
0.3020,387500.0,3.4000,12.1459,0.7091,68.6272,96.1741,0
0.3020,387500.0,3.4500,11.9792,0.7091,68.8859,96.1907,0
0.3020,387500.0,3.5000,11.8108,0.7091,69.1403,96.2090,0
0.3020,387500.0,3.5500,11.6410,0.7091,69.3906,96.2291,0
0.3020,387500.0,3.6000,11.4698,0.7091,69.6369,96.2510,0
0.3020,387500.0,3.6500,11.2972,0.7091,69.8793,96.2748,0
0.3020,387500.0,3.7000,11.1236,0.7091,70.1179,96.3000,1
0.3020,387500.0,3.7500,10.9489,0.7091,70.3527,96.3270,1
0.3020,387500.0,3.8000,10.7733,0.7091,70.5838,96.3566,1
0.3020,418750.0,3.2000,12.7951,0.7091,67.5489,96.1214,0
0.3020,418750.0,3.2500,12.6355,0.7091,67.8253,96.1329,0
0.3020,418750.0,3.3000,12.4740,0.7091,68.0970,96.1451,0
0.3020,418750.0,3.3500,12.3108,0.7091,68.3643,96.1589,0
0.3020,418750.0,3.4000,12.1457,0.7091,68.6272,96.1742,0
0.3020,418750.0,3.4500,11.9790,0.7091,68.8859,96.1908,0
0.3020,418750.0,3.5000,11.8106,0.7091,69.1403,96.2091,0
0.3020,418750.0,3.5500,11.6408,0.7091,69.3906,96.2292,0
0.3020,418750.0,3.6000,11.4696,0.7091,69.6369,96.2511,0
0.3020,418750.0,3.6500,11.2970,0.7091,69.8793,96.2744,0
0.3020,418750.0,3.7000,11.1234,0.7091,70.1179,96.3001,1
0.3020,418750.0,3.7500,10.9487,0.7091,70.3527,96.3271,1
0.3020,418750.0,3.8000,10.7731,0.7091,70.5838,96.3566,1
0.3020,450000.0,3.2000,12.7949,0.7091,67.5489,96.1214,0
0.3020,450000.0,3.2500,12.6354,0.7091,67.8253,96.1327,0
0.3020,450000.0,3.3000,12.4739,0.7091,68.0970,96.1451,0
0.3020,450000.0,3.3500,12.3106,0.7091,68.3643,96.1589,0
0.3020,450000.0,3.4000,12.1456,0.7091,68.6272,96.1742,0
0.3020,450000.0,3.4500,11.9788,0.7091,68.8859,96.1908,0
0.3020,450000.0,3.5000,11.8105,0.7091,69.1403,96.2089,0
0.3020,450000.0,3.5500,11.6407,0.7091,69.3906,96.2292,0
0.3020,450000.0,3.6000,11.4694,0.7091,69.6369,96.2511,0
0.3020,450000.0,3.6500,11.2969,0.7091,69.8793,96.2745,0
0.3020,450000.0,3.7000,11.1232,0.7091,70.1179,96.3001,1
0.3020,450000.0,3.7500,10.9485,0.7091,70.3527,96.3272,1
0.3020,450000.0,3.8000,10.7730,0.7091,70.5838,96.3567,1
0.3380,200000.0,3.2000,12.8287,0.7936,68.4868,96.1667,0
0.3380,200000.0,3.2500,12.6689,0.7936,68.7545,96.1832,0
0.3380,200000.0,3.3000,12.5072,0.7936,69.0178,96.2010,0
0.3380,200000.0,3.3500,12.3437,0.7936,69.2768,96.2213,0
0.3380,200000.0,3.4000,12.1783,0.7936,69.5315,96.2426,0
0.3380,200000.0,3.4500,12.0112,0.7936,69.7820,96.2663,0
0.3380,200000.0,3.5000,11.8425,0.7936,70.0285,96.2918,1
0.3380,200000.0,3.5500,11.6722,0.7936,70.2710,96.3192,1
0.3380,200000.0,3.6000,11.5005,0.7936,70.5096,96.3483,1
0.3380,200000.0,3.6500,11.3275,0.7936,70.7444,96.3796,1
0.3380,200000.0,3.7000,11.1533,0.7936,70.9755,96.4130,1
0.3380,200000.0,3.7500,10.9780,0.7936,71.2029,96.4474,1
0.3380,200000.0,3.8000,10.8019,0.7936,71.4268,96.4849,1
0.3380,231250.0,3.2000,12.8286,0.7936,68.4868,96.1667,0
0.3380,231250.0,3.2500,12.6688,0.7936,68.7545,96.1832,0
0.3380,231250.0,3.3000,12.5071,0.7936,69.0178,96.2011,0
0.3380,231250.0,3.3500,12.3435,0.7936,69.2768,96.2211,0
0.3380,231250.0,3.4000,12.1782,0.7936,69.5315,96.2424,0
0.3380,231250.0,3.4500,12.0111,0.7936,69.7820,96.2664,0
0.3380,231250.0,3.5000,11.8424,0.7936,70.0285,96.2918,1
0.3380,231250.0,3.5500,11.6721,0.7936,70.2710,96.3190,1
0.3380,231250.0,3.6000,11.5004,0.7936,70.5096,96.3484,1
0.3380,231250.0,3.6500,11.3274,0.7936,70.7444,96.3795,1
0.3380,231250.0,3.7000,11.1532,0.7936,70.9755,96.4126,1
0.3380,231250.0,3.7500,10.9779,0.7936,71.2029,96.4475,1
0.3380,231250.0,3.8000,10.8017,0.7936,71.4268,96.4849,1
0.3380,262500.0,3.2000,12.8283,0.7936,68.4868,96.1667,0
0.3380,262500.0,3.2500,12.6685,0.7936,68.7545,96.1832,0
0.3380,262500.0,3.3000,12.5068,0.7936,69.0178,96.2011,0
0.3380,262500.0,3.3500,12.3432,0.7936,69.2768,96.2211,0
0.3380,262500.0,3.4000,12.1779,0.7936,69.5315,96.2425,0
0.3380,262500.0,3.4500,12.0108,0.7936,69.7820,96.2664,0
0.3380,262500.0,3.5000,11.8421,0.7936,70.0285,96.2919,1
0.3380,262500.0,3.5500,11.6718,0.7936,70.2710,96.3185,1
0.3380,262500.0,3.6000,11.5001,0.7936,70.5096,96.3484,1
0.3380,262500.0,3.6500,11.3271,0.7936,70.7444,96.3796,1
0.3380,262500.0,3.7000,11.1529,0.7936,70.9755,96.4125,1
0.3380,262500.0,3.7500,10.9777,0.7936,71.2029,96.4476,1
0.3380,262500.0,3.8000,10.8015,0.7936,71.4268,96.4846,1
0.3380,293750.0,3.2000,12.8280,0.7936,68.4868,96.1667,0
0.3380,293750.0,3.2500,12.6683,0.7936,68.7545,96.1832,0
0.3380,293750.0,3.3000,12.5066,0.7936,69.0178,96.2011,0
0.3380,293750.0,3.3500,12.3430,0.7936,69.2768,96.2211,0
0.3380,293750.0,3.4000,12.1776,0.7936,69.5315,96.2425,0
0.3380,293750.0,3.4500,12.0106,0.7936,69.7820,96.2665,0
0.3380,293750.0,3.5000,11.8419,0.7936,70.0285,96.2919,1
0.3380,293750.0,3.5500,11.6716,0.7936,70.2710,96.3186,1
0.3380,293750.0,3.6000,11.4999,0.7936,70.5096,96.3485,1
0.3380,293750.0,3.6500,11.3269,0.7936,70.7444,96.3797,1
0.3380,293750.0,3.7000,11.1527,0.7936,70.9755,96.4126,1
0.3380,293750.0,3.7500,10.9774,0.7936,71.2029,96.4477,1
0.3380,293750.0,3.8000,10.8013,0.7936,71.4268,96.4847,1
0.3380,325000.0,3.2000,12.8278,0.7936,68.4868,96.1667,0
0.3380,325000.0,3.2500,12.6680,0.7936,68.7545,96.1831,0
0.3380,325000.0,3.3000,12.5063,0.7936,69.0178,96.2011,0
0.3380,325000.0,3.3500,12.3428,0.7936,69.2768,96.2211,0
0.3380,325000.0,3.4000,12.1774,0.7936,69.5315,96.2426,0
0.3380,325000.0,3.4500,12.0103,0.7936,69.7820,96.2665,0
0.3380,325000.0,3.5000,11.8416,0.7936,70.0285,96.2919,1
0.3380,325000.0,3.5500,11.6714,0.7936,70.2710,96.3186,1
0.3380,325000.0,3.6000,11.4997,0.7936,70.5096,96.3480,1
0.3380,325000.0,3.6500,11.3267,0.7936,70.7444,96.3798,1
0.3380,325000.0,3.7000,11.1525,0.7936,70.9755,96.4123,1
0.3380,325000.0,3.7500,10.9772,0.7936,71.2029,96.4478,1
0.3380,325000.0,3.8000,10.8011,0.7936,71.4268,96.4848,1
0.3380,356250.0,3.2000,12.8276,0.7936,68.4868,96.1667,0
0.3380,356250.0,3.2500,12.6678,0.7936,68.7545,96.1831,0
0.3380,356250.0,3.3000,12.5061,0.7936,69.0178,96.2012,0
0.3380,356250.0,3.3500,12.3425,0.7936,69.2768,96.2211,0
0.3380,356250.0,3.4000,12.1772,0.7936,69.5315,96.2426,0
0.3380,356250.0,3.4500,12.0101,0.7936,69.7820,96.2666,0
0.3380,356250.0,3.5000,11.8414,0.7936,70.0285,96.2918,1
0.3380,356250.0,3.5500,11.6712,0.7936,70.2710,96.3187,1
0.3380,356250.0,3.6000,11.4995,0.7936,70.5096,96.3481,1
0.3380,356250.0,3.6500,11.3265,0.7936,70.7444,96.3795,1
0.3380,356250.0,3.7000,11.1523,0.7936,70.9755,96.4124,1
0.3380,356250.0,3.7500,10.9770,0.7936,71.2029,96.4479,1
0.3380,356250.0,3.8000,10.8009,0.7936,71.4268,96.4845,1
0.3380,387500.0,3.2000,12.8273,0.7936,68.4868,96.1667,0
0.3380,387500.0,3.2500,12.6676,0.7936,68.7545,96.1831,0
0.3380,387500.0,3.3000,12.5059,0.7936,69.0178,96.2012,0
0.3380,387500.0,3.3500,12.3423,0.7936,69.2768,96.2211,0
0.3380,387500.0,3.4000,12.1770,0.7936,69.5315,96.2426,0
0.3380,387500.0,3.4500,12.0099,0.7936,69.7820,96.2659,0
0.3380,387500.0,3.5000,11.8412,0.7936,70.0285,96.2918,1
0.3380,387500.0,3.5500,11.6710,0.7936,70.2710,96.3187,1
0.3380,387500.0,3.6000,11.4993,0.7936,70.5096,96.3482,1
0.3380,387500.0,3.6500,11.3263,0.7936,70.7444,96.3796,1
0.3380,387500.0,3.7000,11.1521,0.7936,70.9755,96.4125,1
0.3380,387500.0,3.7500,10.9768,0.7936,71.2029,96.4479,1
0.3380,387500.0,3.8000,10.8007,0.7936,71.4268,96.4844,1
0.3380,418750.0,3.2000,12.8271,0.7936,68.4868,96.1667,0
0.3380,418750.0,3.2500,12.6673,0.7936,68.7545,96.1831,0
0.3380,418750.0,3.3000,12.5057,0.7936,69.0178,96.2012,0
0.3380,418750.0,3.3500,12.3421,0.7936,69.2768,96.2211,0
0.3380,418750.0,3.4000,12.1768,0.7936,69.5315,96.2427,0
0.3380,418750.0,3.4500,12.0097,0.7936,69.7820,96.2660,0
0.3380,418750.0,3.5000,11.8410,0.7936,70.0285,96.2919,1
0.3380,418750.0,3.5500,11.6708,0.7936,70.2710,96.3188,1
0.3380,418750.0,3.6000,11.4991,0.7936,70.5096,96.3482,1
0.3380,418750.0,3.6500,11.3261,0.7936,70.7444,96.3796,1
0.3380,418750.0,3.7000,11.1519,0.7936,70.9755,96.4126,1
0.3380,418750.0,3.7500,10.9767,0.7936,71.2029,96.4480,1
0.3380,418750.0,3.8000,10.8005,0.7936,71.4268,96.4845,1
0.3380,450000.0,3.2000,12.8270,0.7936,68.4868,96.1667,0
0.3380,450000.0,3.2500,12.6672,0.7936,68.7545,96.1832,0
0.3380,450000.0,3.3000,12.5055,0.7936,69.0178,96.2012,0
0.3380,450000.0,3.3500,12.3420,0.7936,69.2768,96.2212,0
0.3380,450000.0,3.4000,12.1766,0.7936,69.5315,96.2427,0
0.3380,450000.0,3.4500,12.0096,0.7936,69.7820,96.2660,0
0.3380,450000.0,3.5000,11.8409,0.7936,70.0285,96.2919,1
0.3380,450000.0,3.5500,11.6706,0.7936,70.2710,96.3188,1
0.3380,450000.0,3.6000,11.4989,0.7936,70.5096,96.3483,1
0.3380,450000.0,3.6500,11.3260,0.7936,70.7444,96.3796,1
0.3380,450000.0,3.7000,11.1518,0.7936,70.9755,96.4126,1
0.3380,450000.0,3.7500,10.9765,0.7936,71.2029,96.4478,1
0.3380,450000.0,3.8000,10.8004,0.7936,71.4268,96.4846,1
0.3740,200000.0,3.2000,12.8557,0.8781,69.4247,96.2346,0
0.3740,200000.0,3.2500,12.6958,0.8781,69.6838,96.2582,0
0.3740,200000.0,3.3000,12.5339,0.8781,69.9386,96.2837,0
0.3740,200000.0,3.3500,12.3701,0.8781,70.1892,96.3115,1
0.3740,200000.0,3.4000,12.2045,0.8781,70.4357,96.3403,1
0.3740,200000.0,3.4500,12.0372,0.8781,70.6782,96.3721,1
0.3740,200000.0,3.5000,11.8682,0.8781,70.9167,96.4059,1
0.3740,200000.0,3.5500,11.6976,0.8781,71.1513,96.4419,1
0.3740,200000.0,3.6000,11.5256,0.8781,71.3823,96.4790,1
0.3740,200000.0,3.6500,11.3522,0.8781,71.6095,96.5184,1
0.3740,200000.0,3.7000,11.1776,0.8781,71.8331,96.5594,1
0.3740,200000.0,3.7500,11.0018,0.8781,72.0532,96.6017,1
0.3740,200000.0,3.8000,10.8252,0.8781,72.2698,96.6452,1
0.3740,231250.0,3.2000,12.8556,0.8781,69.4247,96.2346,0
0.3740,231250.0,3.2500,12.6956,0.8781,69.6838,96.2582,0
0.3740,231250.0,3.3000,12.5337,0.8781,69.9386,96.2838,0
0.3740,231250.0,3.3500,12.3700,0.8781,70.1892,96.3114,1
0.3740,231250.0,3.4000,12.2044,0.8781,70.4357,96.3404,1
0.3740,231250.0,3.4500,12.0371,0.8781,70.6782,96.3721,1
0.3740,231250.0,3.5000,11.8681,0.8781,70.9167,96.4059,1
0.3740,231250.0,3.5500,11.6975,0.8781,71.1513,96.4419,1
0.3740,231250.0,3.6000,11.5254,0.8781,71.3823,96.4791,1
0.3740,231250.0,3.6500,11.3520,0.8781,71.6095,96.5185,1
0.3740,231250.0,3.7000,11.1774,0.8781,71.8331,96.5595,1
0.3740,231250.0,3.7500,11.0017,0.8781,72.0532,96.6018,1
0.3740,231250.0,3.8000,10.8251,0.8781,72.2698,96.6453,1
0.3740,262500.0,3.2000,12.8553,0.8781,69.4247,96.2346,0
0.3740,262500.0,3.2500,12.6954,0.8781,69.6838,96.2582,0
0.3740,262500.0,3.3000,12.5335,0.8781,69.9386,96.2835,0
0.3740,262500.0,3.3500,12.3697,0.8781,70.1892,96.3114,1
0.3740,262500.0,3.4000,12.2041,0.8781,70.4357,96.3404,1
0.3740,262500.0,3.4500,12.0368,0.8781,70.6782,96.3721,1
0.3740,262500.0,3.5000,11.8678,0.8781,70.9167,96.4060,1
0.3740,262500.0,3.5500,11.6972,0.8781,71.1514,96.4417,1
0.3740,262500.0,3.6000,11.5252,0.8781,71.3823,96.4791,1
0.3740,262500.0,3.6500,11.3518,0.8781,71.6095,96.5186,1
0.3740,262500.0,3.7000,11.1772,0.8781,71.8331,96.5596,1
0.3740,262500.0,3.7500,11.0015,0.8781,72.0532,96.6019,1
0.3740,262500.0,3.8000,10.8248,0.8781,72.2698,96.6455,1
0.3740,293750.0,3.2000,12.8550,0.8781,69.4247,96.2346,0
0.3740,293750.0,3.2500,12.6951,0.8781,69.6838,96.2582,0
0.3740,293750.0,3.3000,12.5332,0.8781,69.9386,96.2836,0
0.3740,293750.0,3.3500,12.3695,0.8781,70.1892,96.3114,1
0.3740,293750.0,3.4000,12.2039,0.8781,70.4357,96.3404,1
0.3740,293750.0,3.4500,12.0366,0.8781,70.6782,96.3722,1
0.3740,293750.0,3.5000,11.8676,0.8781,70.9167,96.4060,1
0.3740,293750.0,3.5500,11.6970,0.8781,71.1514,96.4416,1
0.3740,293750.0,3.6000,11.5250,0.8781,71.3823,96.4792,1
0.3740,293750.0,3.6500,11.3516,0.8781,71.6095,96.5185,1
0.3740,293750.0,3.7000,11.1770,0.8781,71.8331,96.5597,1
0.3740,293750.0,3.7500,11.0013,0.8781,72.0532,96.6019,1
0.3740,293750.0,3.8000,10.8246,0.8781,72.2698,96.6453,1
0.3740,325000.0,3.2000,12.8548,0.8781,69.4247,96.2346,0
0.3740,325000.0,3.2500,12.6949,0.8781,69.6838,96.2582,0
0.3740,325000.0,3.3000,12.5330,0.8781,69.9386,96.2836,0
0.3740,325000.0,3.3500,12.3692,0.8781,70.1892,96.3114,1
0.3740,325000.0,3.4000,12.2037,0.8781,70.4357,96.3405,1
0.3740,325000.0,3.4500,12.0363,0.8781,70.6782,96.3722,1
0.3740,325000.0,3.5000,11.8674,0.8781,70.9167,96.4060,1
0.3740,325000.0,3.5500,11.6968,0.8781,71.1514,96.4417,1
0.3740,325000.0,3.6000,11.5248,0.8781,71.3823,96.4789,1
0.3740,325000.0,3.6500,11.3514,0.8781,71.6095,96.5186,1
0.3740,325000.0,3.7000,11.1768,0.8781,71.8331,96.5593,1
0.3740,325000.0,3.7500,11.0011,0.8781,72.0532,96.6017,1
0.3740,325000.0,3.8000,10.8244,0.8781,72.2698,96.6454,1
0.3740,356250.0,3.2000,12.8546,0.8781,69.4247,96.2346,0
0.3740,356250.0,3.2500,12.6946,0.8781,69.6838,96.2583,0
0.3740,356250.0,3.3000,12.5328,0.8781,69.9386,96.2836,0
0.3740,356250.0,3.3500,12.3690,0.8781,70.1892,96.3114,1
0.3740,356250.0,3.4000,12.2034,0.8781,70.4357,96.3405,1
0.3740,356250.0,3.4500,12.0361,0.8781,70.6782,96.3722,1
0.3740,356250.0,3.5000,11.8671,0.8781,70.9167,96.4061,1
0.3740,356250.0,3.5500,11.6966,0.8781,71.1514,96.4417,1
0.3740,356250.0,3.6000,11.5246,0.8781,71.3823,96.4790,1
0.3740,356250.0,3.6500,11.3512,0.8781,71.6095,96.5186,1
0.3740,356250.0,3.7000,11.1766,0.8781,71.8331,96.5594,1
0.3740,356250.0,3.7500,11.0009,0.8781,72.0532,96.6018,1
0.3740,356250.0,3.8000,10.8243,0.8781,72.2698,96.6455,1
0.3740,387500.0,3.2000,12.8543,0.8781,69.4247,96.2346,0
0.3740,387500.0,3.2500,12.6944,0.8781,69.6838,96.2583,0
0.3740,387500.0,3.3000,12.5326,0.8781,69.9386,96.2836,0
0.3740,387500.0,3.3500,12.3688,0.8781,70.1892,96.3114,1
0.3740,387500.0,3.4000,12.2032,0.8781,70.4357,96.3405,1
0.3740,387500.0,3.4500,12.0359,0.8781,70.6782,96.3723,1
0.3740,387500.0,3.5000,11.8669,0.8781,70.9167,96.4057,1
0.3740,387500.0,3.5500,11.6964,0.8781,71.1514,96.4418,1
0.3740,387500.0,3.6000,11.5244,0.8781,71.3823,96.4790,1
0.3740,387500.0,3.6500,11.3510,0.8781,71.6095,96.5186,1
0.3740,387500.0,3.7000,11.1764,0.8781,71.8331,96.5594,1
0.3740,387500.0,3.7500,11.0007,0.8781,72.0532,96.6019,1
0.3740,387500.0,3.8000,10.8241,0.8781,72.2698,96.6456,1
0.3740,418750.0,3.2000,12.8541,0.8781,69.4247,96.2346,0
0.3740,418750.0,3.2500,12.6942,0.8781,69.6838,96.2583,0
0.3740,418750.0,3.3000,12.5323,0.8781,69.9386,96.2836,0
0.3740,418750.0,3.3500,12.3686,0.8781,70.1892,96.3115,1
0.3740,418750.0,3.4000,12.2030,0.8781,70.4357,96.3405,1
0.3740,418750.0,3.4500,12.0357,0.8781,70.6782,96.3723,1
0.3740,418750.0,3.5000,11.8667,0.8781,70.9167,96.4056,1
0.3740,418750.0,3.5500,11.6962,0.8781,71.1514,96.4417,1
0.3740,418750.0,3.6000,11.5242,0.8781,71.3823,96.4789,1
0.3740,418750.0,3.6500,11.3508,0.8781,71.6095,96.5185,1
0.3740,418750.0,3.7000,11.1762,0.8781,71.8331,96.5593,1
0.3740,418750.0,3.7500,11.0005,0.8781,72.0532,96.6019,1
0.3740,418750.0,3.8000,10.8239,0.8781,72.2698,96.6456,1
0.3740,450000.0,3.2000,12.8540,0.8781,69.4247,96.2346,0
0.3740,450000.0,3.2500,12.6941,0.8781,69.6838,96.2583,0
0.3740,450000.0,3.3000,12.5322,0.8781,69.9386,96.2836,0
0.3740,450000.0,3.3500,12.3685,0.8781,70.1892,96.3115,1
0.3740,450000.0,3.4000,12.2029,0.8781,70.4357,96.3406,1
0.3740,450000.0,3.4500,12.0356,0.8781,70.6782,96.3723,1
0.3740,450000.0,3.5000,11.8666,0.8781,70.9167,96.4056,1
0.3740,450000.0,3.5500,11.6961,0.8781,71.1514,96.4418,1
0.3740,450000.0,3.6000,11.5240,0.8781,71.3823,96.4789,1
0.3740,450000.0,3.6500,11.3507,0.8781,71.6095,96.5181,1
0.3740,450000.0,3.7000,11.1761,0.8781,71.8331,96.5594,1
0.3740,450000.0,3.7500,11.0004,0.8781,72.0532,96.6015,1
0.3740,450000.0,3.8000,10.8238,0.8781,72.2698,96.6455,1
0.4100,200000.0,3.2000,12.8785,0.9626,70.3626,96.3338,1
0.4100,200000.0,3.2500,12.7185,0.9626,70.6131,96.3656,1
0.4100,200000.0,3.3000,12.5565,0.9626,70.8594,96.4000,1
0.4100,200000.0,3.3500,12.3926,0.9626,71.1017,96.4359,1
0.4100,200000.0,3.4000,12.2268,0.9626,71.3399,96.4743,1
0.4100,200000.0,3.4500,12.0593,0.9626,71.5743,96.5145,1
0.4100,200000.0,3.5000,11.8901,0.9626,71.8049,96.5564,1
0.4100,200000.0,3.5500,11.7192,0.9626,72.0317,96.5997,1
0.4100,200000.0,3.6000,11.5469,0.9626,72.2549,96.6442,1
0.4100,200000.0,3.6500,11.3732,0.9626,72.4745,96.6903,1
0.4100,200000.0,3.7000,11.1983,0.9626,72.6907,96.7375,1
0.4100,200000.0,3.7500,11.0222,0.9626,72.9034,96.7848,1
0.4100,200000.0,3.8000,10.8452,0.9626,73.1128,96.8330,1
0.4100,231250.0,3.2000,12.8784,0.9626,70.3626,96.3339,1
0.4100,231250.0,3.2500,12.7183,0.9626,70.6131,96.3657,1
0.4100,231250.0,3.3000,12.5563,0.9626,70.8594,96.4001,1
0.4100,231250.0,3.3500,12.3924,0.9626,71.1017,96.4359,1
0.4100,231250.0,3.4000,12.2267,0.9626,71.3399,96.4743,1
0.4100,231250.0,3.4500,12.0591,0.9626,71.5743,96.5146,1
0.4100,231250.0,3.5000,11.8899,0.9626,71.8049,96.5564,1
0.4100,231250.0,3.5500,11.7191,0.9626,72.0317,96.5997,1
0.4100,231250.0,3.6000,11.5468,0.9626,72.2549,96.6443,1
0.4100,231250.0,3.6500,11.3731,0.9626,72.4745,96.6903,1
0.4100,231250.0,3.7000,11.1982,0.9626,72.6907,96.7374,1
0.4100,231250.0,3.7500,11.0221,0.9626,72.9034,96.7849,1
0.4100,231250.0,3.8000,10.8451,0.9626,73.1128,96.8329,1
0.4100,262500.0,3.2000,12.8781,0.9626,70.3626,96.3338,1
0.4100,262500.0,3.2500,12.7181,0.9626,70.6131,96.3657,1
0.4100,262500.0,3.3000,12.5561,0.9626,70.8594,96.4001,1
0.4100,262500.0,3.3500,12.3922,0.9626,71.1017,96.4360,1
0.4100,262500.0,3.4000,12.2264,0.9626,71.3399,96.4743,1
0.4100,262500.0,3.4500,12.0589,0.9626,71.5743,96.5145,1
0.4100,262500.0,3.5000,11.8897,0.9626,71.8049,96.5565,1
0.4100,262500.0,3.5500,11.7189,0.9626,72.0317,96.5998,1
0.4100,262500.0,3.6000,11.5466,0.9626,72.2549,96.6444,1
0.4100,262500.0,3.6500,11.3729,0.9626,72.4745,96.6904,1
0.4100,262500.0,3.7000,11.1980,0.9626,72.6907,96.7375,1
0.4100,262500.0,3.7500,11.0219,0.9626,72.9034,96.7850,1
0.4100,262500.0,3.8000,10.8449,0.9626,73.1128,96.8330,1
0.4100,293750.0,3.2000,12.8779,0.9626,70.3626,96.3338,1
0.4100,293750.0,3.2500,12.7178,0.9626,70.6131,96.3657,1
0.4100,293750.0,3.3000,12.5558,0.9626,70.8594,96.4001,1
0.4100,293750.0,3.3500,12.3919,0.9626,71.1017,96.4360,1
0.4100,293750.0,3.4000,12.2262,0.9626,71.3399,96.4743,1
0.4100,293750.0,3.4500,12.0587,0.9626,71.5743,96.5146,1
0.4100,293750.0,3.5000,11.8894,0.9626,71.8049,96.5565,1
0.4100,293750.0,3.5500,11.7186,0.9626,72.0317,96.5997,1
0.4100,293750.0,3.6000,11.5463,0.9626,72.2549,96.6444,1
0.4100,293750.0,3.6500,11.3727,0.9626,72.4746,96.6905,1
0.4100,293750.0,3.7000,11.1978,0.9626,72.6907,96.7376,1
0.4100,293750.0,3.7500,11.0217,0.9626,72.9034,96.7847,1
0.4100,293750.0,3.8000,10.8447,0.9626,73.1128,96.8331,1
0.4100,325000.0,3.2000,12.8776,0.9626,70.3626,96.3338,1
0.4100,325000.0,3.2500,12.7176,0.9626,70.6131,96.3657,1
0.4100,325000.0,3.3000,12.5556,0.9626,70.8594,96.4000,1
0.4100,325000.0,3.3500,12.3917,0.9626,71.1017,96.4360,1
0.4100,325000.0,3.4000,12.2259,0.9626,71.3399,96.4744,1
0.4100,325000.0,3.4500,12.0584,0.9626,71.5743,96.5146,1
0.4100,325000.0,3.5000,11.8892,0.9626,71.8049,96.5566,1
0.4100,325000.0,3.5500,11.7184,0.9626,72.0317,96.5998,1
0.4100,325000.0,3.6000,11.5461,0.9626,72.2549,96.6443,1
0.4100,325000.0,3.6500,11.3725,0.9626,72.4746,96.6903,1
0.4100,325000.0,3.7000,11.1976,0.9626,72.6907,96.7377,1
0.4100,325000.0,3.7500,11.0215,0.9626,72.9034,96.7846,1
0.4100,325000.0,3.8000,10.8445,0.9626,73.1128,96.8331,1
0.4100,356250.0,3.2000,12.8774,0.9626,70.3626,96.3338,1
0.4100,356250.0,3.2500,12.7174,0.9626,70.6131,96.3657,1
0.4100,356250.0,3.3000,12.5554,0.9626,70.8594,96.4000,1
0.4100,356250.0,3.3500,12.3915,0.9626,71.1017,96.4360,1
0.4100,356250.0,3.4000,12.2257,0.9626,71.3399,96.4744,1
0.4100,356250.0,3.4500,12.0582,0.9626,71.5743,96.5146,1
0.4100,356250.0,3.5000,11.8890,0.9626,71.8049,96.5566,1
0.4100,356250.0,3.5500,11.7182,0.9626,72.0317,96.5998,1
0.4100,356250.0,3.6000,11.5460,0.9626,72.2549,96.6443,1
0.4100,356250.0,3.6500,11.3723,0.9626,72.4746,96.6903,1
0.4100,356250.0,3.7000,11.1974,0.9626,72.6907,96.7376,1
0.4100,356250.0,3.7500,11.0213,0.9626,72.9034,96.7846,1
0.4100,356250.0,3.8000,10.8443,0.9626,73.1128,96.8332,1
0.4100,387500.0,3.2000,12.8772,0.9626,70.3626,96.3338,1
0.4100,387500.0,3.2500,12.7171,0.9626,70.6131,96.3657,1
0.4100,387500.0,3.3000,12.5552,0.9626,70.8594,96.4000,1
0.4100,387500.0,3.3500,12.3913,0.9626,71.1017,96.4360,1
0.4100,387500.0,3.4000,12.2255,0.9626,71.3399,96.4742,1
0.4100,387500.0,3.4500,12.0580,0.9626,71.5743,96.5146,1
0.4100,387500.0,3.5000,11.8888,0.9626,71.8049,96.5566,1
0.4100,387500.0,3.5500,11.7180,0.9626,72.0317,96.5998,1
0.4100,387500.0,3.6000,11.5458,0.9626,72.2549,96.6444,1
0.4100,387500.0,3.6500,11.3721,0.9626,72.4746,96.6903,1
0.4100,387500.0,3.7000,11.1972,0.9626,72.6907,96.7373,1
0.4100,387500.0,3.7500,11.0212,0.9626,72.9034,96.7847,1
0.4100,387500.0,3.8000,10.8442,0.9626,73.1128,96.8331,1
0.4100,418750.0,3.2000,12.8770,0.9626,70.3626,96.3339,1
0.4100,418750.0,3.2500,12.7169,0.9626,70.6131,96.3656,1
0.4100,418750.0,3.3000,12.5550,0.9626,70.8594,96.4000,1
0.4100,418750.0,3.3500,12.3911,0.9626,71.1017,96.4360,1
0.4100,418750.0,3.4000,12.2253,0.9626,71.3399,96.4742,1
0.4100,418750.0,3.4500,12.0578,0.9626,71.5743,96.5146,1
0.4100,418750.0,3.5000,11.8886,0.9626,71.8049,96.5566,1
0.4100,418750.0,3.5500,11.7179,0.9626,72.0317,96.5999,1
0.4100,418750.0,3.6000,11.5456,0.9626,72.2549,96.6444,1
0.4100,418750.0,3.6500,11.3719,0.9626,72.4746,96.6902,1
0.4100,418750.0,3.7000,11.1970,0.9626,72.6907,96.7374,1
0.4100,418750.0,3.7500,11.0210,0.9626,72.9034,96.7848,1
0.4100,418750.0,3.8000,10.8440,0.9626,73.1128,96.8332,1
0.4100,450000.0,3.2000,12.8768,0.9626,70.3626,96.3339,1
0.4100,450000.0,3.2500,12.7168,0.9626,70.6131,96.3656,1
0.4100,450000.0,3.3000,12.5548,0.9626,70.8594,96.4000,1
0.4100,450000.0,3.3500,12.3909,0.9626,71.1017,96.4360,1
0.4100,450000.0,3.4000,12.2252,0.9626,71.3399,96.4742,1
0.4100,450000.0,3.4500,12.0577,0.9626,71.5743,96.5147,1
0.4100,450000.0,3.5000,11.8885,0.9626,71.8049,96.5567,1
0.4100,450000.0,3.5500,11.7177,0.9626,72.0317,96.5999,1
0.4100,450000.0,3.6000,11.5455,0.9626,72.2549,96.6444,1
0.4100,450000.0,3.6500,11.3718,0.9626,72.4746,96.6902,1
0.4100,450000.0,3.7000,11.1969,0.9626,72.6907,96.7374,1
0.4100,450000.0,3.7500,11.0209,0.9626,72.9034,96.7844,1
0.4100,450000.0,3.8000,10.8439,0.9626,73.1128,96.8332,1
0.4460,200000.0,3.2000,12.8979,1.0472,71.3005,96.4705,1
0.4460,200000.0,3.2500,12.7377,1.0472,71.5424,96.5115,1
0.4460,200000.0,3.3000,12.5756,1.0472,71.7802,96.5541,1
0.4460,200000.0,3.3500,12.4116,1.0472,72.0141,96.5986,1
0.4460,200000.0,3.4000,12.2458,1.0472,72.2442,96.6446,1
0.4460,200000.0,3.4500,12.0781,1.0472,72.4705,96.6918,1
0.4460,200000.0,3.5000,11.9087,1.0472,72.6931,96.7397,1
0.4460,200000.0,3.5500,11.7377,1.0472,72.9121,96.7889,1
0.4460,200000.0,3.6000,11.5652,1.0472,73.1276,96.8381,1
0.4460,200000.0,3.6500,11.3913,1.0472,73.3396,96.8873,1
0.4460,200000.0,3.7000,11.2161,1.0472,73.5483,96.9368,1
0.4460,200000.0,3.7500,11.0398,1.0472,73.7537,96.9860,1
0.4460,200000.0,3.8000,10.8625,1.0472,73.9558,97.0345,1
0.4460,231250.0,3.2000,12.8977,1.0472,71.3005,96.4705,1
0.4460,231250.0,3.2500,12.7376,1.0472,71.5424,96.5115,1
0.4460,231250.0,3.3000,12.5755,1.0472,71.7802,96.5541,1
0.4460,231250.0,3.3500,12.4115,1.0472,72.0141,96.5986,1
0.4460,231250.0,3.4000,12.2456,1.0472,72.2442,96.6445,1
0.4460,231250.0,3.4500,12.0779,1.0472,72.4705,96.6919,1
0.4460,231250.0,3.5000,11.9086,1.0472,72.6931,96.7397,1
0.4460,231250.0,3.5500,11.7376,1.0472,72.9121,96.7889,1
0.4460,231250.0,3.6000,11.5651,1.0472,73.1276,96.8380,1
0.4460,231250.0,3.6500,11.3912,1.0472,73.3396,96.8874,1
0.4460,231250.0,3.7000,11.2160,1.0472,73.5483,96.9369,1
0.4460,231250.0,3.7500,11.0397,1.0472,73.7537,96.9861,1
0.4460,231250.0,3.8000,10.8624,1.0472,73.9558,97.0342,1
0.4460,262500.0,3.2000,12.8975,1.0472,71.3005,96.4705,1
0.4460,262500.0,3.2500,12.7373,1.0472,71.5424,96.5115,1
0.4460,262500.0,3.3000,12.5752,1.0472,71.7802,96.5541,1
0.4460,262500.0,3.3500,12.4112,1.0472,72.0141,96.5986,1
0.4460,262500.0,3.4000,12.2454,1.0472,72.2442,96.6445,1
0.4460,262500.0,3.4500,12.0777,1.0472,72.4705,96.6919,1
0.4460,262500.0,3.5000,11.9083,1.0472,72.6931,96.7398,1
0.4460,262500.0,3.5500,11.7374,1.0472,72.9121,96.7887,1
0.4460,262500.0,3.6000,11.5649,1.0472,73.1276,96.8381,1
0.4460,262500.0,3.6500,11.3910,1.0472,73.3396,96.8871,1
0.4460,262500.0,3.7000,11.2158,1.0472,73.5483,96.9366,1
0.4460,262500.0,3.7500,11.0395,1.0472,73.7537,96.9861,1
0.4460,262500.0,3.8000,10.8622,1.0472,73.9558,97.0343,1
0.4460,293750.0,3.2000,12.8972,1.0472,71.3005,96.4705,1
0.4460,293750.0,3.2500,12.7371,1.0472,71.5424,96.5115,1
0.4460,293750.0,3.3000,12.5750,1.0472,71.7802,96.5541,1
0.4460,293750.0,3.3500,12.4110,1.0472,72.0141,96.5986,1
0.4460,293750.0,3.4000,12.2451,1.0472,72.2442,96.6445,1
0.4460,293750.0,3.4500,12.0775,1.0472,72.4705,96.6919,1
0.4460,293750.0,3.5000,11.9081,1.0472,72.6931,96.7398,1
0.4460,293750.0,3.5500,11.7372,1.0472,72.9121,96.7887,1
0.4460,293750.0,3.6000,11.5647,1.0472,73.1276,96.8381,1
0.4460,293750.0,3.6500,11.3908,1.0472,73.3396,96.8872,1
0.4460,293750.0,3.7000,11.2156,1.0472,73.5483,96.9367,1
0.4460,293750.0,3.7500,11.0393,1.0472,73.7537,96.9859,1
0.4460,293750.0,3.8000,10.8620,1.0472,73.9558,97.0344,1
0.4460,325000.0,3.2000,12.8970,1.0472,71.3005,96.4705,1
0.4460,325000.0,3.2500,12.7369,1.0472,71.5424,96.5115,1
0.4460,325000.0,3.3000,12.5748,1.0472,71.7802,96.5541,1
0.4460,325000.0,3.3500,12.4108,1.0472,72.0141,96.5986,1
0.4460,325000.0,3.4000,12.2449,1.0472,72.2442,96.6445,1
0.4460,325000.0,3.4500,12.0773,1.0472,72.4705,96.6919,1
0.4460,325000.0,3.5000,11.9079,1.0472,72.6931,96.7398,1
0.4460,325000.0,3.5500,11.7370,1.0472,72.9121,96.7886,1
0.4460,325000.0,3.6000,11.5645,1.0472,73.1276,96.8382,1
0.4460,325000.0,3.6500,11.3906,1.0472,73.3396,96.8872,1
0.4460,325000.0,3.7000,11.2154,1.0472,73.5483,96.9365,1
0.4460,325000.0,3.7500,11.0391,1.0472,73.7537,96.9859,1
0.4460,325000.0,3.8000,10.8618,1.0472,73.9558,97.0342,1
0.4460,356250.0,3.2000,12.8968,1.0472,71.3005,96.4705,1
0.4460,356250.0,3.2500,12.7366,1.0472,71.5424,96.5115,1
0.4460,356250.0,3.3000,12.5746,1.0472,71.7802,96.5541,1
0.4460,356250.0,3.3500,12.4106,1.0472,72.0141,96.5986,1
0.4460,356250.0,3.4000,12.2447,1.0472,72.2442,96.6445,1
0.4460,356250.0,3.4500,12.0771,1.0472,72.4705,96.6919,1
0.4460,356250.0,3.5000,11.9077,1.0472,72.6931,96.7399,1
0.4460,356250.0,3.5500,11.7368,1.0472,72.9121,96.7887,1
0.4460,356250.0,3.6000,11.5643,1.0472,73.1276,96.8382,1
0.4460,356250.0,3.6500,11.3904,1.0472,73.3396,96.8873,1
0.4460,356250.0,3.7000,11.2153,1.0472,73.5483,96.9365,1
0.4460,356250.0,3.7500,11.0390,1.0472,73.7537,96.9860,1
0.4460,356250.0,3.8000,10.8617,1.0472,73.9558,97.0343,1
0.4460,387500.0,3.2000,12.8965,1.0472,71.3005,96.4704,1
0.4460,387500.0,3.2500,12.7364,1.0472,71.5424,96.5115,1
0.4460,387500.0,3.3000,12.5744,1.0472,71.7802,96.5541,1
0.4460,387500.0,3.3500,12.4104,1.0472,72.0141,96.5986,1
0.4460,387500.0,3.4000,12.2445,1.0472,72.2442,96.6445,1
0.4460,387500.0,3.4500,12.0769,1.0472,72.4705,96.6919,1
0.4460,387500.0,3.5000,11.9076,1.0472,72.6931,96.7399,1
0.4460,387500.0,3.5500,11.7366,1.0472,72.9121,96.7887,1
0.4460,387500.0,3.6000,11.5641,1.0472,73.1276,96.8383,1
0.4460,387500.0,3.6500,11.3902,1.0472,73.3396,96.8873,1
0.4460,387500.0,3.7000,11.2151,1.0472,73.5483,96.9366,1
0.4460,387500.0,3.7500,11.0388,1.0472,73.7537,96.9858,1
0.4460,387500.0,3.8000,10.8615,1.0472,73.9558,97.0344,1
0.4460,418750.0,3.2000,12.8963,1.0472,71.3005,96.4704,1
0.4460,418750.0,3.2500,12.7362,1.0472,71.5424,96.5114,1
0.4460,418750.0,3.3000,12.5742,1.0472,71.7802,96.5541,1
0.4460,418750.0,3.3500,12.4102,1.0472,72.0141,96.5986,1
0.4460,418750.0,3.4000,12.2443,1.0472,72.2442,96.6445,1
0.4460,418750.0,3.4500,12.0767,1.0472,72.4705,96.6919,1
0.4460,418750.0,3.5000,11.9074,1.0472,72.6931,96.7399,1
0.4460,418750.0,3.5500,11.7364,1.0472,72.9121,96.7887,1
0.4460,418750.0,3.6000,11.5640,1.0472,73.1276,96.8383,1
0.4460,418750.0,3.6500,11.3901,1.0472,73.3396,96.8874,1
0.4460,418750.0,3.7000,11.2149,1.0472,73.5483,96.9364,1
0.4460,418750.0,3.7500,11.0387,1.0472,73.7537,96.9859,1
0.4460,418750.0,3.8000,10.8614,1.0472,73.9558,97.0344,1
0.4460,450000.0,3.2000,12.8962,1.0472,71.3005,96.4704,1
0.4460,450000.0,3.2500,12.7361,1.0472,71.5424,96.5114,1
0.4460,450000.0,3.3000,12.5740,1.0472,71.7802,96.5541,1
0.4460,450000.0,3.3500,12.4100,1.0472,72.0141,96.5986,1
0.4460,450000.0,3.4000,12.2442,1.0472,72.2442,96.6445,1
0.4460,450000.0,3.4500,12.0766,1.0472,72.4705,96.6920,1
0.4460,450000.0,3.5000,11.9072,1.0472,72.6931,96.7399,1
0.4460,450000.0,3.5500,11.7363,1.0472,72.9121,96.7887,1
0.4460,450000.0,3.6000,11.5638,1.0472,73.1276,96.8383,1
0.4460,450000.0,3.6500,11.3900,1.0472,73.3396,96.8874,1
0.4460,450000.0,3.7000,11.2148,1.0472,73.5483,96.9364,1
0.4460,450000.0,3.7500,11.0385,1.0472,73.7537,96.9855,1
0.4460,450000.0,3.8000,10.8613,1.0472,73.9558,97.0345,1
0.4820,200000.0,3.2000,12.9143,1.1317,72.2384,96.6464,1
0.4820,200000.0,3.2500,12.7541,1.1317,72.4717,96.6945,1
0.4820,200000.0,3.3000,12.5920,1.1317,72.7010,96.7437,1
0.4820,200000.0,3.3500,12.4279,1.1317,72.9266,96.7941,1
0.4820,200000.0,3.4000,12.2620,1.1317,73.1484,96.8442,1
0.4820,200000.0,3.4500,12.0942,1.1317,73.3666,96.8951,1
0.4820,200000.0,3.5000,11.9247,1.1317,73.5813,96.9462,1
0.4820,200000.0,3.5500,11.7536,1.1317,73.7925,96.9957,1
0.4820,200000.0,3.6000,11.5810,1.1317,74.0002,97.0454,1
0.4820,200000.0,3.6500,11.4069,1.1317,74.2047,97.0946,1
0.4820,200000.0,3.7000,11.2315,1.1317,74.4059,97.1422,1
0.4820,200000.0,3.7500,11.0550,1.1317,74.6039,97.1892,1
0.4820,200000.0,3.8000,10.8775,1.1317,74.7988,97.2341,1
0.4820,231250.0,3.2000,12.9142,1.1317,72.2384,96.6464,1
0.4820,231250.0,3.2500,12.7540,1.1317,72.4717,96.6945,1
0.4820,231250.0,3.3000,12.5918,1.1317,72.7010,96.7438,1
0.4820,231250.0,3.3500,12.4278,1.1317,72.9266,96.7941,1
0.4820,231250.0,3.4000,12.2618,1.1317,73.1484,96.8442,1
0.4820,231250.0,3.4500,12.0941,1.1317,73.3666,96.8951,1
0.4820,231250.0,3.5000,11.9246,1.1317,73.5813,96.9462,1
0.4820,231250.0,3.5500,11.7535,1.1317,73.7925,96.9958,1
0.4820,231250.0,3.6000,11.5808,1.1317,74.0002,97.0454,1
0.4820,231250.0,3.6500,11.4068,1.1317,74.2047,97.0946,1
0.4820,231250.0,3.7000,11.2314,1.1317,74.4059,97.1423,1
0.4820,231250.0,3.7500,11.0549,1.1317,74.6039,97.1889,1
0.4820,231250.0,3.8000,10.8774,1.1317,74.7988,97.2342,1
0.4820,262500.0,3.2000,12.9139,1.1317,72.2384,96.6464,1
0.4820,262500.0,3.2500,12.7537,1.1317,72.4717,96.6945,1
0.4820,262500.0,3.3000,12.5916,1.1317,72.7010,96.7437,1
0.4820,262500.0,3.3500,12.4275,1.1317,72.9266,96.7941,1
0.4820,262500.0,3.4000,12.2616,1.1317,73.1484,96.8442,1
0.4820,262500.0,3.4500,12.0938,1.1317,73.3666,96.8951,1
0.4820,262500.0,3.5000,11.9244,1.1317,73.5813,96.9462,1
0.4820,262500.0,3.5500,11.7533,1.1317,73.7925,96.9958,1
0.4820,262500.0,3.6000,11.5806,1.1317,74.0002,97.0455,1
0.4820,262500.0,3.6500,11.4066,1.1317,74.2047,97.0943,1
0.4820,262500.0,3.7000,11.2312,1.1317,74.4059,97.1422,1
0.4820,262500.0,3.7500,11.0547,1.1317,74.6039,97.1890,1
0.4820,262500.0,3.8000,10.8772,1.1317,74.7988,97.2343,1
0.4820,293750.0,3.2000,12.9137,1.1317,72.2384,96.6463,1
0.4820,293750.0,3.2500,12.7535,1.1317,72.4717,96.6945,1
0.4820,293750.0,3.3000,12.5914,1.1317,72.7010,96.7437,1
0.4820,293750.0,3.3500,12.4273,1.1317,72.9266,96.7941,1
0.4820,293750.0,3.4000,12.2614,1.1317,73.1484,96.8442,1
0.4820,293750.0,3.4500,12.0936,1.1317,73.3666,96.8951,1
0.4820,293750.0,3.5000,11.9242,1.1317,73.5813,96.9459,1
0.4820,293750.0,3.5500,11.7531,1.1317,73.7925,96.9958,1
0.4820,293750.0,3.6000,11.5804,1.1317,74.0002,97.0455,1
0.4820,293750.0,3.6500,11.4064,1.1317,74.2047,97.0941,1
0.4820,293750.0,3.7000,11.2311,1.1317,74.4059,97.1423,1
0.4820,293750.0,3.7500,11.0546,1.1317,74.6039,97.1891,1
0.4820,293750.0,3.8000,10.8770,1.1317,74.7988,97.2344,1
0.4820,325000.0,3.2000,12.9134,1.1317,72.2384,96.6463,1
0.4820,325000.0,3.2500,12.7533,1.1317,72.4717,96.6944,1
0.4820,325000.0,3.3000,12.5912,1.1317,72.7010,96.7437,1
0.4820,325000.0,3.3500,12.4271,1.1317,72.9266,96.7941,1
0.4820,325000.0,3.4000,12.2612,1.1317,73.1484,96.8442,1
0.4820,325000.0,3.4500,12.0934,1.1317,73.3666,96.8951,1
0.4820,325000.0,3.5000,11.9240,1.1317,73.5813,96.9459,1
0.4820,325000.0,3.5500,11.7529,1.1317,73.7925,96.9959,1
0.4820,325000.0,3.6000,11.5803,1.1317,74.0002,97.0455,1
0.4820,325000.0,3.6500,11.4062,1.1317,74.2047,97.0942,1
0.4820,325000.0,3.7000,11.2309,1.1317,74.4059,97.1423,1
0.4820,325000.0,3.7500,11.0544,1.1317,74.6039,97.1892,1
0.4820,325000.0,3.8000,10.8769,1.1317,74.7988,97.2342,1
0.4820,356250.0,3.2000,12.9132,1.1317,72.2384,96.6463,1
0.4820,356250.0,3.2500,12.7531,1.1317,72.4717,96.6944,1
0.4820,356250.0,3.3000,12.5910,1.1317,72.7010,96.7437,1
0.4820,356250.0,3.3500,12.4269,1.1317,72.9266,96.7941,1
0.4820,356250.0,3.4000,12.2610,1.1317,73.1484,96.8442,1
0.4820,356250.0,3.4500,12.0932,1.1317,73.3666,96.8951,1
0.4820,356250.0,3.5000,11.9238,1.1317,73.5813,96.9459,1
0.4820,356250.0,3.5500,11.7527,1.1317,73.7925,96.9959,1
0.4820,356250.0,3.6000,11.5801,1.1317,74.0002,97.0456,1
0.4820,356250.0,3.6500,11.4061,1.1317,74.2047,97.0942,1
0.4820,356250.0,3.7000,11.2307,1.1317,74.4059,97.1424,1
0.4820,356250.0,3.7500,11.0542,1.1317,74.6039,97.1892,1
0.4820,356250.0,3.8000,10.8767,1.1317,74.7988,97.2342,1
0.4820,387500.0,3.2000,12.9130,1.1317,72.2384,96.6462,1
0.4820,387500.0,3.2500,12.7529,1.1317,72.4717,96.6944,1
0.4820,387500.0,3.3000,12.5908,1.1317,72.7010,96.7437,1
0.4820,387500.0,3.3500,12.4267,1.1317,72.9266,96.7940,1
0.4820,387500.0,3.4000,12.2608,1.1317,73.1484,96.8442,1
0.4820,387500.0,3.4500,12.0931,1.1317,73.3666,96.8951,1
0.4820,387500.0,3.5000,11.9236,1.1317,73.5813,96.9459,1
0.4820,387500.0,3.5500,11.7525,1.1317,73.7925,96.9959,1
0.4820,387500.0,3.6000,11.5799,1.1317,74.0002,97.0456,1
0.4820,387500.0,3.6500,11.4059,1.1317,74.2047,97.0942,1
0.4820,387500.0,3.7000,11.2306,1.1317,74.4059,97.1424,1
0.4820,387500.0,3.7500,11.0541,1.1317,74.6039,97.1888,1
0.4820,387500.0,3.8000,10.8766,1.1317,74.7988,97.2343,1
0.4820,418750.0,3.2000,12.9128,1.1317,72.2384,96.6462,1
0.4820,418750.0,3.2500,12.7527,1.1317,72.4717,96.6944,1
0.4820,418750.0,3.3000,12.5906,1.1317,72.7010,96.7436,1
0.4820,418750.0,3.3500,12.4265,1.1317,72.9266,96.7940,1
0.4820,418750.0,3.4000,12.2606,1.1317,73.1484,96.8442,1
0.4820,418750.0,3.4500,12.0929,1.1317,73.3666,96.8951,1
0.4820,418750.0,3.5000,11.9235,1.1317,73.5813,96.9459,1
0.4820,418750.0,3.5500,11.7524,1.1317,73.7925,96.9959,1
0.4820,418750.0,3.6000,11.5798,1.1317,74.0002,97.0456,1
0.4820,418750.0,3.6500,11.4058,1.1317,74.2047,97.0943,1
0.4820,418750.0,3.7000,11.2304,1.1317,74.4059,97.1425,1
0.4820,418750.0,3.7500,11.0540,1.1317,74.6039,97.1889,1
0.4820,418750.0,3.8000,10.8765,1.1317,74.7988,97.2342,1
0.4820,450000.0,3.2000,12.9127,1.1317,72.2384,96.6463,1
0.4820,450000.0,3.2500,12.7525,1.1317,72.4717,96.6943,1
0.4820,450000.0,3.3000,12.5904,1.1317,72.7010,96.7436,1
0.4820,450000.0,3.3500,12.4264,1.1317,72.9266,96.7940,1
0.4820,450000.0,3.4000,12.2605,1.1317,73.1484,96.8442,1
0.4820,450000.0,3.4500,12.0928,1.1317,73.3666,96.8951,1
0.4820,450000.0,3.5000,11.9233,1.1317,73.5813,96.9460,1
0.4820,450000.0,3.5500,11.7523,1.1317,73.7925,96.9959,1
0.4820,450000.0,3.6000,11.5797,1.1317,74.0002,97.0456,1
0.4820,450000.0,3.6500,11.4056,1.1317,74.2047,97.0943,1
0.4820,450000.0,3.7000,11.2303,1.1317,74.4059,97.1425,1
0.4820,450000.0,3.7500,11.0539,1.1317,74.6039,97.1889,1
0.4820,450000.0,3.8000,10.8764,1.1317,74.7988,97.2343,1
0.5180,200000.0,3.2000,12.9283,1.2162,73.1763,96.8532,1
0.5180,200000.0,3.2500,12.7682,1.2162,73.4009,96.9048,1
0.5180,200000.0,3.3000,12.6060,1.2162,73.6218,96.9568,1
0.5180,200000.0,3.3500,12.4419,1.2162,73.8390,97.0082,1
0.5180,200000.0,3.4000,12.2759,1.2162,74.0527,97.0586,1
0.5180,200000.0,3.4500,12.1081,1.2162,74.2628,97.1082,1
0.5180,200000.0,3.5000,11.9385,1.2162,74.4695,97.1571,1
0.5180,200000.0,3.5500,11.7673,1.2162,74.6728,97.2046,1
0.5180,200000.0,3.6000,11.5946,1.2162,74.8729,97.2502,1
0.5180,200000.0,3.6500,11.4204,1.2162,75.0698,97.2950,1
0.5180,200000.0,3.7000,11.2449,1.2162,75.2635,97.3369,1
0.5180,200000.0,3.7500,11.0683,1.2162,75.4542,97.3782,1
0.5180,200000.0,3.8000,10.8906,1.2162,75.6418,97.4168,1
0.5180,231250.0,3.2000,12.9282,1.2162,73.1763,96.8532,1
0.5180,231250.0,3.2500,12.7680,1.2162,73.4009,96.9048,1
0.5180,231250.0,3.3000,12.6058,1.2162,73.6218,96.9565,1
0.5180,231250.0,3.3500,12.4417,1.2162,73.8390,97.0082,1
0.5180,231250.0,3.4000,12.2757,1.2162,74.0527,97.0586,1
0.5180,231250.0,3.4500,12.1079,1.2162,74.2628,97.1082,1
0.5180,231250.0,3.5000,11.9384,1.2162,74.4695,97.1571,1
0.5180,231250.0,3.5500,11.7672,1.2162,74.6728,97.2046,1
0.5180,231250.0,3.6000,11.5945,1.2162,74.8729,97.2503,1
0.5180,231250.0,3.6500,11.4203,1.2162,75.0698,97.2946,1
0.5180,231250.0,3.7000,11.2448,1.2162,75.2635,97.3370,1
0.5180,231250.0,3.7500,11.0682,1.2162,75.4542,97.3783,1
0.5180,231250.0,3.8000,10.8905,1.2162,75.6418,97.4169,1
0.5180,262500.0,3.2000,12.9279,1.2162,73.1763,96.8532,1
0.5180,262500.0,3.2500,12.7678,1.2162,73.4009,96.9048,1
0.5180,262500.0,3.3000,12.6056,1.2162,73.6218,96.9568,1
0.5180,262500.0,3.3500,12.4415,1.2162,73.8390,97.0081,1
0.5180,262500.0,3.4000,12.2755,1.2162,74.0527,97.0586,1
0.5180,262500.0,3.4500,12.1077,1.2162,74.2628,97.1082,1
0.5180,262500.0,3.5000,11.9382,1.2162,74.4695,97.1568,1
0.5180,262500.0,3.5500,11.7670,1.2162,74.6728,97.2047,1
0.5180,262500.0,3.6000,11.5943,1.2162,74.8729,97.2503,1
0.5180,262500.0,3.6500,11.4201,1.2162,75.0698,97.2945,1
0.5180,262500.0,3.7000,11.2447,1.2162,75.2635,97.3370,1
0.5180,262500.0,3.7500,11.0680,1.2162,75.4542,97.3779,1
0.5180,262500.0,3.8000,10.8903,1.2162,75.6418,97.4170,1
0.5180,293750.0,3.2000,12.9277,1.2162,73.1763,96.8531,1
0.5180,293750.0,3.2500,12.7675,1.2162,73.4009,96.9050,1
0.5180,293750.0,3.3000,12.6054,1.2162,73.6218,96.9567,1
0.5180,293750.0,3.3500,12.4413,1.2162,73.8390,97.0081,1
0.5180,293750.0,3.4000,12.2753,1.2162,74.0527,97.0586,1
0.5180,293750.0,3.4500,12.1075,1.2162,74.2628,97.1082,1
0.5180,293750.0,3.5000,11.9380,1.2162,74.4695,97.1568,1
0.5180,293750.0,3.5500,11.7668,1.2162,74.6728,97.2043,1
0.5180,293750.0,3.6000,11.5941,1.2162,74.8729,97.2503,1
0.5180,293750.0,3.6500,11.4200,1.2162,75.0698,97.2945,1
0.5180,293750.0,3.7000,11.2445,1.2162,75.2635,97.3371,1
0.5180,293750.0,3.7500,11.0678,1.2162,75.4542,97.3780,1
0.5180,293750.0,3.8000,10.8902,1.2162,75.6418,97.4171,1
0.5180,325000.0,3.2000,12.9275,1.2162,73.1763,96.8532,1
0.5180,325000.0,3.2500,12.7673,1.2162,73.4009,96.9050,1
0.5180,325000.0,3.3000,12.6052,1.2162,73.6218,96.9567,1
0.5180,325000.0,3.3500,12.4411,1.2162,73.8390,97.0081,1
0.5180,325000.0,3.4000,12.2751,1.2162,74.0527,97.0585,1
0.5180,325000.0,3.4500,12.1073,1.2162,74.2628,97.1082,1
0.5180,325000.0,3.5000,11.9378,1.2162,74.4695,97.1568,1
0.5180,325000.0,3.5500,11.7667,1.2162,74.6728,97.2043,1
0.5180,325000.0,3.6000,11.5939,1.2162,74.8729,97.2503,1
0.5180,325000.0,3.6500,11.4198,1.2162,75.0698,97.2945,1
0.5180,325000.0,3.7000,11.2443,1.2162,75.2635,97.3371,1
0.5180,325000.0,3.7500,11.0677,1.2162,75.4542,97.3780,1
0.5180,325000.0,3.8000,10.8900,1.2162,75.6418,97.4171,1
0.5180,356250.0,3.2000,12.9273,1.2162,73.1763,96.8531,1
0.5180,356250.0,3.2500,12.7671,1.2162,73.4009,96.9049,1
0.5180,356250.0,3.3000,12.6050,1.2162,73.6218,96.9567,1
0.5180,356250.0,3.3500,12.4409,1.2162,73.8390,97.0081,1
0.5180,356250.0,3.4000,12.2749,1.2162,74.0527,97.0585,1
0.5180,356250.0,3.4500,12.1072,1.2162,74.2628,97.1082,1
0.5180,356250.0,3.5000,11.9376,1.2162,74.4695,97.1568,1
0.5180,356250.0,3.5500,11.7665,1.2162,74.6728,97.2044,1
0.5180,356250.0,3.6000,11.5938,1.2162,74.8729,97.2503,1
0.5180,356250.0,3.6500,11.4196,1.2162,75.0698,97.2946,1
0.5180,356250.0,3.7000,11.2442,1.2162,75.2635,97.3372,1
0.5180,356250.0,3.7500,11.0676,1.2162,75.4542,97.3781,1
0.5180,356250.0,3.8000,10.8899,1.2162,75.6418,97.4172,1
0.5180,387500.0,3.2000,12.9271,1.2162,73.1763,96.8531,1
0.5180,387500.0,3.2500,12.7669,1.2162,73.4009,96.9049,1
0.5180,387500.0,3.3000,12.6048,1.2162,73.6218,96.9567,1
0.5180,387500.0,3.3500,12.4407,1.2162,73.8390,97.0080,1
0.5180,387500.0,3.4000,12.2748,1.2162,74.0527,97.0585,1
0.5180,387500.0,3.4500,12.1070,1.2162,74.2628,97.1082,1
0.5180,387500.0,3.5000,11.9375,1.2162,74.4695,97.1571,1
0.5180,387500.0,3.5500,11.7663,1.2162,74.6728,97.2044,1
0.5180,387500.0,3.6000,11.5936,1.2162,74.8729,97.2503,1
0.5180,387500.0,3.6500,11.4195,1.2162,75.0698,97.2946,1
0.5180,387500.0,3.7000,11.2440,1.2162,75.2635,97.3372,1
0.5180,387500.0,3.7500,11.0674,1.2162,75.4542,97.3781,1
0.5180,387500.0,3.8000,10.8898,1.2162,75.6418,97.4173,1
0.5180,418750.0,3.2000,12.9269,1.2162,73.1763,96.8531,1
0.5180,418750.0,3.2500,12.7667,1.2162,73.4010,96.9049,1
0.5180,418750.0,3.3000,12.6046,1.2162,73.6218,96.9566,1
0.5180,418750.0,3.3500,12.4405,1.2162,73.8390,97.0080,1
0.5180,418750.0,3.4000,12.2746,1.2162,74.0527,97.0585,1
0.5180,418750.0,3.4500,12.1068,1.2162,74.2628,97.1082,1
0.5180,418750.0,3.5000,11.9373,1.2162,74.4695,97.1571,1
0.5180,418750.0,3.5500,11.7662,1.2162,74.6728,97.2044,1
0.5180,418750.0,3.6000,11.5935,1.2162,74.8729,97.2503,1
0.5180,418750.0,3.6500,11.4194,1.2162,75.0698,97.2946,1
0.5180,418750.0,3.7000,11.2439,1.2162,75.2635,97.3372,1
0.5180,418750.0,3.7500,11.0673,1.2162,75.4542,97.3782,1
0.5180,418750.0,3.8000,10.8896,1.2162,75.6418,97.4173,1
0.5180,450000.0,3.2000,12.9268,1.2162,73.1763,96.8530,1
0.5180,450000.0,3.2500,12.7666,1.2162,73.4010,96.9048,1
0.5180,450000.0,3.3000,12.6045,1.2162,73.6218,96.9566,1
0.5180,450000.0,3.3500,12.4404,1.2162,73.8390,97.0080,1
0.5180,450000.0,3.4000,12.2745,1.2162,74.0527,97.0585,1
0.5180,450000.0,3.4500,12.1067,1.2162,74.2628,97.1082,1
0.5180,450000.0,3.5000,11.9372,1.2162,74.4695,97.1571,1
0.5180,450000.0,3.5500,11.7661,1.2162,74.6728,97.2044,1
0.5180,450000.0,3.6000,11.5934,1.2162,74.8729,97.2503,1
0.5180,450000.0,3.6500,11.4193,1.2162,75.0698,97.2946,1
0.5180,450000.0,3.7000,11.2438,1.2162,75.2635,97.3372,1
0.5180,450000.0,3.7500,11.0672,1.2162,75.4542,97.3782,1
0.5180,450000.0,3.8000,10.8895,1.2162,75.6418,97.4173,1
0.5540,200000.0,3.2000,12.9403,1.3007,74.1142,97.0737,1
0.5540,200000.0,3.2500,12.7802,1.3007,74.3302,97.1243,1
0.5540,200000.0,3.3000,12.6180,1.3007,74.5426,97.1735,1
0.5540,200000.0,3.3500,12.4539,1.3007,74.7515,97.2216,1
0.5540,200000.0,3.4000,12.2879,1.3007,74.9569,97.2677,1
0.5540,200000.0,3.4500,12.1201,1.3007,75.1589,97.3122,1
0.5540,200000.0,3.5000,11.9505,1.3007,75.3577,97.3552,1
0.5540,200000.0,3.5500,11.7793,1.3007,75.5532,97.3966,1
0.5540,200000.0,3.6000,11.6065,1.3007,75.7456,97.4355,1
0.5540,200000.0,3.6500,11.4322,1.3007,75.9349,97.4728,1
0.5540,200000.0,3.7000,11.2567,1.3007,76.1211,97.5082,1
0.5540,200000.0,3.7500,11.0799,1.3007,76.3044,97.5421,1
0.5540,200000.0,3.8000,10.9021,1.3007,76.4848,97.5739,1
0.5540,231250.0,3.2000,12.9402,1.3007,74.1142,97.0737,1
0.5540,231250.0,3.2500,12.7800,1.3007,74.3302,97.1243,1
0.5540,231250.0,3.3000,12.6179,1.3007,74.5426,97.1735,1
0.5540,231250.0,3.3500,12.4538,1.3007,74.7515,97.2216,1
0.5540,231250.0,3.4000,12.2878,1.3007,74.9569,97.2677,1
0.5540,231250.0,3.4500,12.1199,1.3007,75.1589,97.3122,1
0.5540,231250.0,3.5000,11.9504,1.3007,75.3577,97.3553,1
0.5540,231250.0,3.5500,11.7791,1.3007,75.5532,97.3966,1
0.5540,231250.0,3.6000,11.6064,1.3007,75.7456,97.4355,1
0.5540,231250.0,3.6500,11.4321,1.3007,75.9349,97.4728,1
0.5540,231250.0,3.7000,11.2566,1.3007,76.1211,97.5083,1
0.5540,231250.0,3.7500,11.0798,1.3007,76.3044,97.5422,1
0.5540,231250.0,3.8000,10.9020,1.3007,76.4848,97.5739,1
0.5540,262500.0,3.2000,12.9400,1.3007,74.1142,97.0737,1
0.5540,262500.0,3.2500,12.7798,1.3007,74.3302,97.1243,1
0.5540,262500.0,3.3000,12.6176,1.3007,74.5426,97.1734,1
0.5540,262500.0,3.3500,12.4535,1.3007,74.7515,97.2216,1
0.5540,262500.0,3.4000,12.2875,1.3007,74.9569,97.2676,1
0.5540,262500.0,3.4500,12.1197,1.3007,75.1589,97.3122,1
0.5540,262500.0,3.5000,11.9502,1.3007,75.3577,97.3553,1
0.5540,262500.0,3.5500,11.7790,1.3007,75.5532,97.3966,1
0.5540,262500.0,3.6000,11.6062,1.3007,75.7456,97.4356,1
0.5540,262500.0,3.6500,11.4319,1.3007,75.9349,97.4728,1
0.5540,262500.0,3.7000,11.2564,1.3007,76.1211,97.5083,1
0.5540,262500.0,3.7500,11.0796,1.3007,76.3044,97.5423,1
0.5540,262500.0,3.8000,10.9018,1.3007,76.4848,97.5740,1
0.5540,293750.0,3.2000,12.9397,1.3007,74.1142,97.0736,1
0.5540,293750.0,3.2500,12.7796,1.3007,74.3302,97.1242,1
0.5540,293750.0,3.3000,12.6174,1.3007,74.5426,97.1734,1
0.5540,293750.0,3.3500,12.4533,1.3007,74.7515,97.2216,1
0.5540,293750.0,3.4000,12.2873,1.3007,74.9569,97.2676,1
0.5540,293750.0,3.4500,12.1195,1.3007,75.1589,97.3122,1
0.5540,293750.0,3.5000,11.9500,1.3007,75.3577,97.3553,1
0.5540,293750.0,3.5500,11.7788,1.3007,75.5532,97.3966,1
0.5540,293750.0,3.6000,11.6060,1.3007,75.7456,97.4356,1
0.5540,293750.0,3.6500,11.4318,1.3007,75.9349,97.4729,1
0.5540,293750.0,3.7000,11.2562,1.3007,76.1211,97.5084,1
0.5540,293750.0,3.7500,11.0795,1.3007,76.3044,97.5423,1
0.5540,293750.0,3.8000,10.9017,1.3007,76.4848,97.5736,1
0.5540,325000.0,3.2000,12.9395,1.3007,74.1142,97.0736,1
0.5540,325000.0,3.2500,12.7794,1.3007,74.3302,97.1242,1
0.5540,325000.0,3.3000,12.6172,1.3007,74.5426,97.1734,1
0.5540,325000.0,3.3500,12.4531,1.3007,74.7515,97.2215,1
0.5540,325000.0,3.4000,12.2872,1.3007,74.9569,97.2676,1
0.5540,325000.0,3.4500,12.1194,1.3007,75.1589,97.3122,1
0.5540,325000.0,3.5000,11.9498,1.3007,75.3577,97.3552,1
0.5540,325000.0,3.5500,11.7786,1.3007,75.5532,97.3966,1
0.5540,325000.0,3.6000,11.6059,1.3007,75.7456,97.4356,1
0.5540,325000.0,3.6500,11.4316,1.3007,75.9349,97.4729,1
0.5540,325000.0,3.7000,11.2561,1.3007,76.1211,97.5084,1
0.5540,325000.0,3.7500,11.0794,1.3007,76.3044,97.5423,1
0.5540,325000.0,3.8000,10.9016,1.3007,76.4848,97.5737,1
0.5540,356250.0,3.2000,12.9393,1.3007,74.1142,97.0737,1
0.5540,356250.0,3.2500,12.7792,1.3007,74.3302,97.1241,1
0.5540,356250.0,3.3000,12.6170,1.3007,74.5426,97.1734,1
0.5540,356250.0,3.3500,12.4530,1.3007,74.7515,97.2215,1
0.5540,356250.0,3.4000,12.2870,1.3007,74.9569,97.2676,1
0.5540,356250.0,3.4500,12.1192,1.3007,75.1589,97.3122,1
0.5540,356250.0,3.5000,11.9497,1.3007,75.3577,97.3552,1
0.5540,356250.0,3.5500,11.7785,1.3007,75.5532,97.3966,1
0.5540,356250.0,3.6000,11.6057,1.3007,75.7456,97.4356,1
0.5540,356250.0,3.6500,11.4315,1.3007,75.9349,97.4729,1
0.5540,356250.0,3.7000,11.2560,1.3007,76.1211,97.5084,1
0.5540,356250.0,3.7500,11.0792,1.3007,76.3044,97.5421,1
0.5540,356250.0,3.8000,10.9014,1.3007,76.4848,97.5737,1
0.5540,387500.0,3.2000,12.9391,1.3007,74.1142,97.0737,1
0.5540,387500.0,3.2500,12.7790,1.3007,74.3302,97.1241,1
0.5540,387500.0,3.3000,12.6169,1.3007,74.5426,97.1733,1
0.5540,387500.0,3.3500,12.4528,1.3007,74.7515,97.2215,1
0.5540,387500.0,3.4000,12.2868,1.3007,74.9569,97.2678,1
0.5540,387500.0,3.4500,12.1190,1.3007,75.1589,97.3123,1
0.5540,387500.0,3.5000,11.9495,1.3007,75.3577,97.3552,1
0.5540,387500.0,3.5500,11.7783,1.3007,75.5532,97.3966,1
0.5540,387500.0,3.6000,11.6056,1.3007,75.7456,97.4356,1
0.5540,387500.0,3.6500,11.4314,1.3007,75.9349,97.4729,1
0.5540,387500.0,3.7000,11.2558,1.3007,76.1211,97.5084,1
0.5540,387500.0,3.7500,11.0791,1.3007,76.3044,97.5419,1
0.5540,387500.0,3.8000,10.9013,1.3007,76.4848,97.5738,1
0.5540,418750.0,3.2000,12.9390,1.3007,74.1142,97.0736,1
0.5540,418750.0,3.2500,12.7788,1.3007,74.3302,97.1240,1
0.5540,418750.0,3.3000,12.6167,1.3007,74.5426,97.1736,1
0.5540,418750.0,3.3500,12.4526,1.3007,74.7515,97.2216,1
0.5540,418750.0,3.4000,12.2867,1.3007,74.9569,97.2678,1
0.5540,418750.0,3.4500,12.1189,1.3007,75.1590,97.3123,1
0.5540,418750.0,3.5000,11.9494,1.3007,75.3577,97.3552,1
0.5540,418750.0,3.5500,11.7782,1.3007,75.5532,97.3965,1
0.5540,418750.0,3.6000,11.6054,1.3007,75.7456,97.4356,1
0.5540,418750.0,3.6500,11.4312,1.3007,75.9349,97.4729,1
0.5540,418750.0,3.7000,11.2557,1.3007,76.1211,97.5084,1
0.5540,418750.0,3.7500,11.0790,1.3007,76.3044,97.5419,1
0.5540,418750.0,3.8000,10.9012,1.3007,76.4848,97.5738,1
0.5540,450000.0,3.2000,12.9388,1.3007,74.1142,97.0736,1
0.5540,450000.0,3.2500,12.7787,1.3007,74.3302,97.1240,1
0.5540,450000.0,3.3000,12.6166,1.3007,74.5426,97.1735,1
0.5540,450000.0,3.3500,12.4525,1.3007,74.7515,97.2215,1
0.5540,450000.0,3.4000,12.2865,1.3007,74.9569,97.2681,1
0.5540,450000.0,3.4500,12.1188,1.3007,75.1590,97.3123,1
0.5540,450000.0,3.5000,11.9493,1.3007,75.3577,97.3552,1
0.5540,450000.0,3.5500,11.7781,1.3007,75.5532,97.3966,1
0.5540,450000.0,3.6000,11.6053,1.3007,75.7456,97.4356,1
0.5540,450000.0,3.6500,11.4311,1.3007,75.9349,97.4729,1
0.5540,450000.0,3.7000,11.2556,1.3007,76.1211,97.5085,1
0.5540,450000.0,3.7500,11.0789,1.3007,76.3044,97.5419,1
0.5540,450000.0,3.8000,10.9011,1.3007,76.4848,97.5738,1
0.5900,200000.0,3.2000,12.9507,1.3853,75.0521,97.2872,1
0.5900,200000.0,3.2500,12.7905,1.3853,75.2595,97.3321,1
0.5900,200000.0,3.3000,12.6284,1.3853,75.4634,97.3755,1
0.5900,200000.0,3.3500,12.4643,1.3853,75.6639,97.4163,1
0.5900,200000.0,3.4000,12.2983,1.3853,75.8611,97.4556,1
0.5900,200000.0,3.4500,12.1305,1.3853,76.0551,97.4930,1
0.5900,200000.0,3.5000,11.9609,1.3853,76.2459,97.5282,1
0.5900,200000.0,3.5500,11.7897,1.3853,76.4336,97.5614,1
0.5900,200000.0,3.6000,11.6169,1.3853,76.6182,97.5928,1
0.5900,200000.0,3.6500,11.4426,1.3853,76.7999,97.6222,1
0.5900,200000.0,3.7000,11.2670,1.3853,76.9787,97.6498,1
0.5900,200000.0,3.7500,11.0901,1.3853,77.1547,97.6763,1
0.5900,200000.0,3.8000,10.9122,1.3853,77.3278,97.7003,1
0.5900,231250.0,3.2000,12.9505,1.3853,75.0521,97.2872,1
0.5900,231250.0,3.2500,12.7904,1.3853,75.2595,97.3321,1
0.5900,231250.0,3.3000,12.6282,1.3853,75.4634,97.3755,1
0.5900,231250.0,3.3500,12.4642,1.3853,75.6639,97.4163,1
0.5900,231250.0,3.4000,12.2982,1.3853,75.8611,97.4555,1
0.5900,231250.0,3.4500,12.1304,1.3853,76.0551,97.4930,1
0.5900,231250.0,3.5000,11.9608,1.3853,76.2459,97.5282,1
0.5900,231250.0,3.5500,11.7896,1.3853,76.4336,97.5614,1
0.5900,231250.0,3.6000,11.6167,1.3853,76.6182,97.5929,1
0.5900,231250.0,3.6500,11.4425,1.3853,76.7999,97.6222,1
0.5900,231250.0,3.7000,11.2669,1.3853,76.9787,97.6498,1
0.5900,231250.0,3.7500,11.0900,1.3853,77.1547,97.6759,1
0.5900,231250.0,3.8000,10.9122,1.3853,77.3278,97.7004,1
0.5900,262500.0,3.2000,12.9503,1.3853,75.0521,97.2874,1
0.5900,262500.0,3.2500,12.7902,1.3853,75.2595,97.3320,1
0.5900,262500.0,3.3000,12.6280,1.3853,75.4634,97.3754,1
0.5900,262500.0,3.3500,12.4639,1.3853,75.6639,97.4163,1
0.5900,262500.0,3.4000,12.2980,1.3853,75.8611,97.4556,1
0.5900,262500.0,3.4500,12.1302,1.3853,76.0551,97.4929,1
0.5900,262500.0,3.5000,11.9606,1.3853,76.2459,97.5282,1
0.5900,262500.0,3.5500,11.7894,1.3853,76.4336,97.5614,1
0.5900,262500.0,3.6000,11.6166,1.3853,76.6182,97.5929,1
0.5900,262500.0,3.6500,11.4423,1.3853,76.7999,97.6222,1
0.5900,262500.0,3.7000,11.2667,1.3853,76.9787,97.6499,1
0.5900,262500.0,3.7500,11.0899,1.3853,77.1547,97.6760,1
0.5900,262500.0,3.8000,10.9120,1.3853,77.3278,97.7005,1
0.5900,293750.0,3.2000,12.9501,1.3853,75.0521,97.2873,1
0.5900,293750.0,3.2500,12.7900,1.3853,75.2595,97.3322,1
0.5900,293750.0,3.3000,12.6278,1.3853,75.4634,97.3754,1
0.5900,293750.0,3.3500,12.4638,1.3853,75.6639,97.4162,1
0.5900,293750.0,3.4000,12.2978,1.3853,75.8611,97.4556,1
0.5900,293750.0,3.4500,12.1300,1.3853,76.0551,97.4929,1
0.5900,293750.0,3.5000,11.9604,1.3853,76.2459,97.5282,1
0.5900,293750.0,3.5500,11.7892,1.3853,76.4336,97.5614,1
0.5900,293750.0,3.6000,11.6164,1.3853,76.6182,97.5929,1
0.5900,293750.0,3.6500,11.4422,1.3853,76.7999,97.6222,1
0.5900,293750.0,3.7000,11.2666,1.3853,76.9787,97.6499,1
0.5900,293750.0,3.7500,11.0898,1.3853,77.1547,97.6760,1
0.5900,293750.0,3.8000,10.9119,1.3853,77.3278,97.7005,1
0.5900,325000.0,3.2000,12.9499,1.3853,75.0521,97.2873,1
0.5900,325000.0,3.2500,12.7898,1.3853,75.2595,97.3321,1
0.5900,325000.0,3.3000,12.6276,1.3853,75.4634,97.3754,1
0.5900,325000.0,3.3500,12.4636,1.3853,75.6639,97.4163,1
0.5900,325000.0,3.4000,12.2976,1.3853,75.8611,97.4558,1
0.5900,325000.0,3.4500,12.1298,1.3853,76.0551,97.4929,1
0.5900,325000.0,3.5000,11.9603,1.3853,76.2459,97.5282,1
0.5900,325000.0,3.5500,11.7891,1.3853,76.4336,97.5614,1
0.5900,325000.0,3.6000,11.6163,1.3853,76.6182,97.5929,1
0.5900,325000.0,3.6500,11.4420,1.3853,76.7999,97.6223,1
0.5900,325000.0,3.7000,11.2665,1.3853,76.9787,97.6499,1
0.5900,325000.0,3.7500,11.0897,1.3853,77.1547,97.6760,1
0.5900,325000.0,3.8000,10.9118,1.3853,77.3278,97.7006,1
0.5900,356250.0,3.2000,12.9497,1.3853,75.0521,97.2873,1
0.5900,356250.0,3.2500,12.7896,1.3853,75.2595,97.3322,1
0.5900,356250.0,3.3000,12.6275,1.3853,75.4634,97.3753,1
0.5900,356250.0,3.3500,12.4634,1.3853,75.6639,97.4165,1
0.5900,356250.0,3.4000,12.2974,1.3853,75.8611,97.4558,1
0.5900,356250.0,3.4500,12.1297,1.3853,76.0551,97.4928,1
0.5900,356250.0,3.5000,11.9601,1.3853,76.2459,97.5281,1
0.5900,356250.0,3.5500,11.7889,1.3853,76.4336,97.5614,1
0.5900,356250.0,3.6000,11.6161,1.3853,76.6182,97.5928,1
0.5900,356250.0,3.6500,11.4419,1.3853,76.7999,97.6223,1
0.5900,356250.0,3.7000,11.2663,1.3853,76.9787,97.6499,1
0.5900,356250.0,3.7500,11.0895,1.3853,77.1547,97.6761,1
0.5900,356250.0,3.8000,10.9117,1.3853,77.3278,97.7006,1
0.5900,387500.0,3.2000,12.9495,1.3853,75.0521,97.2874,1
0.5900,387500.0,3.2500,12.7894,1.3853,75.2595,97.3322,1
0.5900,387500.0,3.3000,12.6273,1.3853,75.4634,97.3753,1
0.5900,387500.0,3.3500,12.4632,1.3853,75.6639,97.4164,1
0.5900,387500.0,3.4000,12.2973,1.3853,75.8612,97.4557,1
0.5900,387500.0,3.4500,12.1295,1.3853,76.0551,97.4928,1
0.5900,387500.0,3.5000,11.9600,1.3853,76.2459,97.5281,1
0.5900,387500.0,3.5500,11.7888,1.3853,76.4336,97.5613,1
0.5900,387500.0,3.6000,11.6160,1.3853,76.6183,97.5928,1
0.5900,387500.0,3.6500,11.4418,1.3853,76.7999,97.6222,1
0.5900,387500.0,3.7000,11.2662,1.3853,76.9787,97.6499,1
0.5900,387500.0,3.7500,11.0894,1.3853,77.1547,97.6761,1
0.5900,387500.0,3.8000,10.9116,1.3853,77.3278,97.7006,1
0.5900,418750.0,3.2000,12.9493,1.3853,75.0521,97.2873,1
0.5900,418750.0,3.2500,12.7892,1.3853,75.2595,97.3322,1
0.5900,418750.0,3.3000,12.6271,1.3853,75.4634,97.3752,1
0.5900,418750.0,3.3500,12.4631,1.3853,75.6639,97.4164,1
0.5900,418750.0,3.4000,12.2971,1.3853,75.8612,97.4557,1
0.5900,418750.0,3.4500,12.1294,1.3853,76.0551,97.4928,1
0.5900,418750.0,3.5000,11.9598,1.3853,76.2459,97.5281,1
0.5900,418750.0,3.5500,11.7887,1.3853,76.4336,97.5613,1
0.5900,418750.0,3.6000,11.6159,1.3853,76.6183,97.5928,1
0.5900,418750.0,3.6500,11.4417,1.3853,76.7999,97.6222,1
0.5900,418750.0,3.7000,11.2661,1.3853,76.9787,97.6499,1
0.5900,418750.0,3.7500,11.0893,1.3853,77.1547,97.6761,1
0.5900,418750.0,3.8000,10.9115,1.3853,77.3278,97.7005,1
0.5900,450000.0,3.2000,12.9492,1.3853,75.0521,97.2873,1
0.5900,450000.0,3.2500,12.7891,1.3853,75.2595,97.3321,1
0.5900,450000.0,3.3000,12.6270,1.3853,75.4634,97.3752,1
0.5900,450000.0,3.3500,12.4630,1.3853,75.6640,97.4163,1
0.5900,450000.0,3.4000,12.2970,1.3853,75.8612,97.4556,1
0.5900,450000.0,3.4500,12.1293,1.3853,76.0551,97.4927,1
0.5900,450000.0,3.5000,11.9598,1.3853,76.2459,97.5281,1
0.5900,450000.0,3.5500,11.7886,1.3853,76.4336,97.5613,1
0.5900,450000.0,3.6000,11.6158,1.3853,76.6183,97.5928,1
0.5900,450000.0,3.6500,11.4416,1.3853,76.7999,97.6222,1
0.5900,450000.0,3.7000,11.2660,1.3853,76.9787,97.6499,1
0.5900,450000.0,3.7500,11.0893,1.3853,77.1547,97.6761,1
0.5900,450000.0,3.8000,10.9114,1.3853,77.3278,97.7005,1
0.6260,200000.0,3.2000,12.9596,1.4698,75.9900,97.4768,1
0.6260,200000.0,3.2500,12.7995,1.4698,76.1888,97.5139,1
0.6260,200000.0,3.3000,12.6374,1.4698,76.3842,97.5489,1
0.6260,200000.0,3.3500,12.4733,1.4698,76.5764,97.5816,1
0.6260,200000.0,3.4000,12.3074,1.4698,76.7654,97.6128,1
0.6260,200000.0,3.4500,12.1396,1.4698,76.9513,97.6416,1
0.6260,200000.0,3.5000,11.9700,1.4698,77.1341,97.6689,1
0.6260,200000.0,3.5500,11.7988,1.4698,77.3140,97.6942,1
0.6260,200000.0,3.6000,11.6260,1.4698,77.4909,97.7186,1
0.6260,200000.0,3.6500,11.4517,1.4698,77.6650,97.7403,1
0.6260,200000.0,3.7000,11.2761,1.4698,77.8363,97.7611,1
0.6260,200000.0,3.7500,11.0992,1.4698,78.0049,97.7806,0
0.6260,200000.0,3.8000,10.9213,1.4698,78.1708,97.7984,0
0.6260,231250.0,3.2000,12.9595,1.4698,75.9900,97.4770,1
0.6260,231250.0,3.2500,12.7993,1.4698,76.1888,97.5138,1
0.6260,231250.0,3.3000,12.6372,1.4698,76.3842,97.5489,1
0.6260,231250.0,3.3500,12.4732,1.4698,76.5764,97.5816,1
0.6260,231250.0,3.4000,12.3072,1.4698,76.7654,97.6127,1
0.6260,231250.0,3.4500,12.1395,1.4698,76.9513,97.6416,1
0.6260,231250.0,3.5000,11.9699,1.4698,77.1341,97.6689,1
0.6260,231250.0,3.5500,11.7987,1.4698,77.3140,97.6942,1
0.6260,231250.0,3.6000,11.6259,1.4698,77.4909,97.7187,1
0.6260,231250.0,3.6500,11.4516,1.4698,77.6650,97.7404,1
0.6260,231250.0,3.7000,11.2760,1.4698,77.8363,97.7612,1
0.6260,231250.0,3.7500,11.0992,1.4698,78.0049,97.7802,0
0.6260,231250.0,3.8000,10.9212,1.4698,78.1708,97.7985,0
0.6260,262500.0,3.2000,12.9592,1.4698,75.9900,97.4771,1
0.6260,262500.0,3.2500,12.7991,1.4698,76.1888,97.5138,1
0.6260,262500.0,3.3000,12.6370,1.4698,76.3842,97.5488,1
0.6260,262500.0,3.3500,12.4730,1.4698,76.5764,97.5815,1
0.6260,262500.0,3.4000,12.3071,1.4698,76.7654,97.6127,1
0.6260,262500.0,3.4500,12.1393,1.4698,76.9513,97.6416,1
0.6260,262500.0,3.5000,11.9697,1.4698,77.1341,97.6689,1
0.6260,262500.0,3.5500,11.7985,1.4698,77.3140,97.6942,1
0.6260,262500.0,3.6000,11.6257,1.4698,77.4909,97.7186,1
0.6260,262500.0,3.6500,11.4515,1.4698,77.6650,97.7404,1
0.6260,262500.0,3.7000,11.2759,1.4698,77.8363,97.7609,1
0.6260,262500.0,3.7500,11.0990,1.4698,78.0049,97.7802,0
0.6260,262500.0,3.8000,10.9211,1.4698,78.1709,97.7985,0
0.6260,293750.0,3.2000,12.9590,1.4698,75.9900,97.4770,1
0.6260,293750.0,3.2500,12.7989,1.4698,76.1888,97.5139,1
0.6260,293750.0,3.3000,12.6369,1.4698,76.3842,97.5488,1
0.6260,293750.0,3.3500,12.4728,1.4698,76.5764,97.5815,1
0.6260,293750.0,3.4000,12.3069,1.4698,76.7654,97.6126,1
0.6260,293750.0,3.4500,12.1391,1.4698,76.9513,97.6416,1
0.6260,293750.0,3.5000,11.9696,1.4698,77.1341,97.6688,1
0.6260,293750.0,3.5500,11.7984,1.4698,77.3140,97.6942,1
0.6260,293750.0,3.6000,11.6256,1.4698,77.4909,97.7186,1
0.6260,293750.0,3.6500,11.4514,1.4698,77.6650,97.7404,1
0.6260,293750.0,3.7000,11.2757,1.4698,77.8363,97.7609,1
0.6260,293750.0,3.7500,11.0989,1.4698,78.0049,97.7803,0
0.6260,293750.0,3.8000,10.9210,1.4698,78.1709,97.7985,0
0.6260,325000.0,3.2000,12.9588,1.4698,75.9900,97.4770,1
0.6260,325000.0,3.2500,12.7988,1.4698,76.1888,97.5138,1
0.6260,325000.0,3.3000,12.6367,1.4698,76.3842,97.5488,1
0.6260,325000.0,3.3500,12.4726,1.4698,76.5764,97.5817,1
0.6260,325000.0,3.4000,12.3067,1.4698,76.7654,97.6126,1
0.6260,325000.0,3.4500,12.1390,1.4698,76.9513,97.6415,1
0.6260,325000.0,3.5000,11.9694,1.4698,77.1341,97.6688,1
0.6260,325000.0,3.5500,11.7982,1.4698,77.3140,97.6941,1
0.6260,325000.0,3.6000,11.6255,1.4698,77.4909,97.7186,1
0.6260,325000.0,3.6500,11.4512,1.4698,77.6650,97.7404,1
0.6260,325000.0,3.7000,11.2756,1.4698,77.8363,97.7609,1
0.6260,325000.0,3.7500,11.0988,1.4698,78.0049,97.7803,0
0.6260,325000.0,3.8000,10.9209,1.4698,78.1709,97.7986,0
0.6260,356250.0,3.2000,12.9587,1.4698,75.9900,97.4769,1
0.6260,356250.0,3.2500,12.7986,1.4698,76.1888,97.5139,1
0.6260,356250.0,3.3000,12.6365,1.4698,76.3842,97.5490,1
0.6260,356250.0,3.3500,12.4725,1.4698,76.5764,97.5816,1
0.6260,356250.0,3.4000,12.3066,1.4698,76.7654,97.6127,1
0.6260,356250.0,3.4500,12.1388,1.4698,76.9513,97.6415,1
0.6260,356250.0,3.5000,11.9693,1.4698,77.1341,97.6688,1
0.6260,356250.0,3.5500,11.7981,1.4698,77.3140,97.6941,1
0.6260,356250.0,3.6000,11.6253,1.4698,77.4909,97.7186,1
0.6260,356250.0,3.6500,11.4511,1.4698,77.6650,97.7403,1
0.6260,356250.0,3.7000,11.2755,1.4698,77.8363,97.7609,1
0.6260,356250.0,3.7500,11.0987,1.4698,78.0049,97.7803,0
0.6260,356250.0,3.8000,10.9208,1.4698,78.1709,97.7986,0
0.6260,387500.0,3.2000,12.9585,1.4698,75.9900,97.4768,1
0.6260,387500.0,3.2500,12.7984,1.4698,76.1888,97.5138,1
0.6260,387500.0,3.3000,12.6363,1.4698,76.3842,97.5489,1
0.6260,387500.0,3.3500,12.4723,1.4698,76.5764,97.5816,1
0.6260,387500.0,3.4000,12.3064,1.4698,76.7654,97.6127,1
0.6260,387500.0,3.4500,12.1387,1.4698,76.9513,97.6416,1
0.6260,387500.0,3.5000,11.9692,1.4698,77.1341,97.6687,1
0.6260,387500.0,3.5500,11.7980,1.4698,77.3140,97.6941,1
0.6260,387500.0,3.6000,11.6252,1.4698,77.4909,97.7186,1
0.6260,387500.0,3.6500,11.4510,1.4698,77.6650,97.7403,1
0.6260,387500.0,3.7000,11.2754,1.4698,77.8363,97.7609,1
0.6260,387500.0,3.7500,11.0986,1.4698,78.0049,97.7803,0
0.6260,387500.0,3.8000,10.9207,1.4698,78.1709,97.7986,0
0.6260,418750.0,3.2000,12.9583,1.4698,75.9900,97.4769,1
0.6260,418750.0,3.2500,12.7982,1.4698,76.1888,97.5137,1
0.6260,418750.0,3.3000,12.6362,1.4698,76.3842,97.5490,1
0.6260,418750.0,3.3500,12.4722,1.4698,76.5764,97.5820,1
0.6260,418750.0,3.4000,12.3063,1.4698,76.7654,97.6127,1
0.6260,418750.0,3.4500,12.1385,1.4698,76.9513,97.6417,1
0.6260,418750.0,3.5000,11.9690,1.4698,77.1341,97.6687,1
0.6260,418750.0,3.5500,11.7979,1.4698,77.3140,97.6944,1
0.6260,418750.0,3.6000,11.6251,1.4698,77.4909,97.7185,1
0.6260,418750.0,3.6500,11.4509,1.4698,77.6650,97.7403,1
0.6260,418750.0,3.7000,11.2753,1.4698,77.8363,97.7612,1
0.6260,418750.0,3.7500,11.0985,1.4698,78.0049,97.7803,0
0.6260,418750.0,3.8000,10.9206,1.4698,78.1709,97.7986,0
0.6260,450000.0,3.2000,12.9582,1.4698,75.9900,97.4771,1
0.6260,450000.0,3.2500,12.7981,1.4698,76.1888,97.5137,1
0.6260,450000.0,3.3000,12.6361,1.4698,76.3842,97.5490,1
0.6260,450000.0,3.3500,12.4721,1.4698,76.5764,97.5820,1
0.6260,450000.0,3.4000,12.3062,1.4698,76.7654,97.6126,1
0.6260,450000.0,3.4500,12.1384,1.4698,76.9513,97.6417,1
0.6260,450000.0,3.5000,11.9690,1.4698,77.1341,97.6690,1
0.6260,450000.0,3.5500,11.7978,1.4698,77.3140,97.6944,1
0.6260,450000.0,3.6000,11.6250,1.4698,77.4909,97.7185,1
0.6260,450000.0,3.6500,11.4508,1.4698,77.6650,97.7403,1
0.6260,450000.0,3.7000,11.2752,1.4698,77.8363,97.7612,1
0.6260,450000.0,3.7500,11.0984,1.4698,78.0049,97.7803,0
0.6260,450000.0,3.8000,10.9206,1.4698,78.1709,97.7986,0
0.6620,200000.0,3.2000,12.9673,1.5543,76.9279,97.6335,1
0.6620,200000.0,3.2500,12.8073,1.5543,77.1181,97.6621,1
0.6620,200000.0,3.3000,12.6452,1.5543,77.3050,97.6888,1
0.6620,200000.0,3.3500,12.4812,1.5543,77.4888,97.7134,1
0.6620,200000.0,3.4000,12.3153,1.5543,77.6696,97.7365,1
0.6620,200000.0,3.4500,12.1476,1.5543,77.8474,97.7583,1
0.6620,200000.0,3.5000,11.9781,1.5543,78.0223,97.7782,0
0.6620,200000.0,3.5500,11.8069,1.5543,78.1943,97.7968,0
0.6620,200000.0,3.6000,11.6341,1.5543,78.3636,97.8138,0
0.6620,200000.0,3.6500,11.4598,1.5543,78.5301,97.8299,0
0.6620,200000.0,3.7000,11.2842,1.5543,78.6939,97.8445,0
0.6620,200000.0,3.7500,11.1074,1.5543,78.8552,97.8583,0
0.6620,200000.0,3.8000,10.9294,1.5543,79.0139,97.8711,0
0.6620,231250.0,3.2000,12.9672,1.5543,76.9279,97.6335,1
0.6620,231250.0,3.2500,12.8071,1.5543,77.1181,97.6621,1
0.6620,231250.0,3.3000,12.6451,1.5543,77.3050,97.6888,1
0.6620,231250.0,3.3500,12.4811,1.5543,77.4889,97.7134,1
0.6620,231250.0,3.4000,12.3152,1.5543,77.6696,97.7367,1
0.6620,231250.0,3.4500,12.1475,1.5543,77.8474,97.7582,1
0.6620,231250.0,3.5000,11.9780,1.5543,78.0223,97.7782,0
0.6620,231250.0,3.5500,11.8068,1.5543,78.1943,97.7968,0
0.6620,231250.0,3.6000,11.6340,1.5543,78.3636,97.8139,0
0.6620,231250.0,3.6500,11.4598,1.5543,78.5301,97.8300,0
0.6620,231250.0,3.7000,11.2841,1.5543,78.6939,97.8445,0
0.6620,231250.0,3.7500,11.1073,1.5543,78.8552,97.8584,0
0.6620,231250.0,3.8000,10.9293,1.5543,79.0139,97.8711,0
0.6620,262500.0,3.2000,12.9670,1.5543,76.9279,97.6335,1
0.6620,262500.0,3.2500,12.8069,1.5543,77.1181,97.6621,1
0.6620,262500.0,3.3000,12.6449,1.5543,77.3050,97.6887,1
0.6620,262500.0,3.3500,12.4809,1.5543,77.4889,97.7137,1
0.6620,262500.0,3.4000,12.3150,1.5543,77.6696,97.7367,1
0.6620,262500.0,3.4500,12.1473,1.5543,77.8474,97.7584,1
0.6620,262500.0,3.5000,11.9778,1.5543,78.0223,97.7782,0
0.6620,262500.0,3.5500,11.8066,1.5543,78.1943,97.7968,0
0.6620,262500.0,3.6000,11.6339,1.5543,78.3636,97.8138,0
0.6620,262500.0,3.6500,11.4596,1.5543,78.5301,97.8299,0
0.6620,262500.0,3.7000,11.2840,1.5543,78.6939,97.8445,0
0.6620,262500.0,3.7500,11.1072,1.5543,78.8552,97.8584,0
0.6620,262500.0,3.8000,10.9292,1.5543,79.0139,97.8712,0
0.6620,293750.0,3.2000,12.9668,1.5543,76.9279,97.6334,1
0.6620,293750.0,3.2500,12.8067,1.5543,77.1181,97.6620,1
0.6620,293750.0,3.3000,12.6447,1.5543,77.3050,97.6886,1
0.6620,293750.0,3.3500,12.4807,1.5543,77.4889,97.7136,1
0.6620,293750.0,3.4000,12.3149,1.5543,77.6696,97.7366,1
0.6620,293750.0,3.4500,12.1471,1.5543,77.8474,97.7583,1
0.6620,293750.0,3.5000,11.9777,1.5543,78.0223,97.7781,0
0.6620,293750.0,3.5500,11.8065,1.5543,78.1943,97.7967,0
0.6620,293750.0,3.6000,11.6337,1.5543,78.3636,97.8138,0
0.6620,293750.0,3.6500,11.4595,1.5543,78.5301,97.8299,0
0.6620,293750.0,3.7000,11.2839,1.5543,78.6940,97.8445,0
0.6620,293750.0,3.7500,11.1071,1.5543,78.8552,97.8584,0
0.6620,293750.0,3.8000,10.9291,1.5543,79.0139,97.8712,0
0.6620,325000.0,3.2000,12.9666,1.5543,76.9279,97.6337,1
0.6620,325000.0,3.2500,12.8066,1.5543,77.1181,97.6619,1
0.6620,325000.0,3.3000,12.6445,1.5543,77.3050,97.6886,1
0.6620,325000.0,3.3500,12.4806,1.5543,77.4889,97.7135,1
0.6620,325000.0,3.4000,12.3147,1.5543,77.6696,97.7366,1
0.6620,325000.0,3.4500,12.1470,1.5543,77.8474,97.7583,1
0.6620,325000.0,3.5000,11.9775,1.5543,78.0223,97.7781,0
0.6620,325000.0,3.5500,11.8064,1.5543,78.1944,97.7968,0
0.6620,325000.0,3.6000,11.6336,1.5543,78.3636,97.8138,0
0.6620,325000.0,3.6500,11.4594,1.5543,78.5301,97.8299,0
0.6620,325000.0,3.7000,11.2838,1.5543,78.6940,97.8445,0
0.6620,325000.0,3.7500,11.1070,1.5543,78.8552,97.8584,0
0.6620,325000.0,3.8000,10.9291,1.5543,79.0139,97.8712,0
0.6620,356250.0,3.2000,12.9664,1.5543,76.9279,97.6336,1
0.6620,356250.0,3.2500,12.8064,1.5543,77.1181,97.6622,1
0.6620,356250.0,3.3000,12.6444,1.5543,77.3050,97.6885,1
0.6620,356250.0,3.3500,12.4804,1.5543,77.4889,97.7134,1
0.6620,356250.0,3.4000,12.3146,1.5543,77.6696,97.7366,1
0.6620,356250.0,3.4500,12.1469,1.5543,77.8474,97.7582,1
0.6620,356250.0,3.5000,11.9774,1.5543,78.0223,97.7780,0
0.6620,356250.0,3.5500,11.8062,1.5543,78.1944,97.7967,0
0.6620,356250.0,3.6000,11.6335,1.5543,78.3636,97.8137,0
0.6620,356250.0,3.6500,11.4593,1.5543,78.5301,97.8300,0
0.6620,356250.0,3.7000,11.2837,1.5543,78.6940,97.8445,0
0.6620,356250.0,3.7500,11.1069,1.5543,78.8552,97.8584,0
0.6620,356250.0,3.8000,10.9290,1.5543,79.0139,97.8712,0
0.6620,387500.0,3.2000,12.9662,1.5543,76.9279,97.6336,1
0.6620,387500.0,3.2500,12.8062,1.5543,77.1181,97.6622,1
0.6620,387500.0,3.3000,12.6442,1.5543,77.3050,97.6886,1
0.6620,387500.0,3.3500,12.4803,1.5543,77.4889,97.7134,1
0.6620,387500.0,3.4000,12.3144,1.5543,77.6696,97.7365,1
0.6620,387500.0,3.4500,12.1467,1.5543,77.8474,97.7581,1
0.6620,387500.0,3.5000,11.9773,1.5543,78.0223,97.7781,0
0.6620,387500.0,3.5500,11.8061,1.5543,78.1944,97.7967,0
0.6620,387500.0,3.6000,11.6334,1.5543,78.3636,97.8137,0
0.6620,387500.0,3.6500,11.4592,1.5543,78.5301,97.8300,0
0.6620,387500.0,3.7000,11.2836,1.5543,78.6940,97.8445,0
0.6620,387500.0,3.7500,11.1068,1.5543,78.8552,97.8584,0
0.6620,387500.0,3.8000,10.9289,1.5543,79.0139,97.8712,0
0.6620,418750.0,3.2000,12.9661,1.5543,76.9280,97.6337,1
0.6620,418750.0,3.2500,12.8061,1.5543,77.1181,97.6621,1
0.6620,418750.0,3.3000,12.6441,1.5543,77.3050,97.6885,1
0.6620,418750.0,3.3500,12.4801,1.5543,77.4889,97.7133,1
0.6620,418750.0,3.4000,12.3143,1.5543,77.6696,97.7366,1
0.6620,418750.0,3.4500,12.1466,1.5543,77.8474,97.7581,1
0.6620,418750.0,3.5000,11.9772,1.5543,78.0223,97.7780,0
0.6620,418750.0,3.5500,11.8060,1.5543,78.1944,97.7970,0
0.6620,418750.0,3.6000,11.6333,1.5543,78.3636,97.8137,0
0.6620,418750.0,3.6500,11.4591,1.5543,78.5301,97.8299,0
0.6620,418750.0,3.7000,11.2835,1.5543,78.6940,97.8444,0
0.6620,418750.0,3.7500,11.1067,1.5543,78.8552,97.8584,0
0.6620,418750.0,3.8000,10.9288,1.5543,79.0139,97.8712,0
0.6620,450000.0,3.2000,12.9660,1.5543,76.9280,97.6337,1
0.6620,450000.0,3.2500,12.8060,1.5543,77.1181,97.6621,1
0.6620,450000.0,3.3000,12.6440,1.5543,77.3050,97.6886,1
0.6620,450000.0,3.3500,12.4800,1.5543,77.4889,97.7132,1
0.6620,450000.0,3.4000,12.3142,1.5543,77.6696,97.7368,1
0.6620,450000.0,3.4500,12.1465,1.5543,77.8474,97.7580,1
0.6620,450000.0,3.5000,11.9771,1.5543,78.0223,97.7783,0
0.6620,450000.0,3.5500,11.8059,1.5543,78.1944,97.7970,0
0.6620,450000.0,3.6000,11.6332,1.5543,78.3636,97.8136,0
0.6620,450000.0,3.6500,11.4590,1.5543,78.5301,97.8299,0
0.6620,450000.0,3.7000,11.2835,1.5543,78.6940,97.8444,0
0.6620,450000.0,3.7500,11.1067,1.5543,78.8552,97.8584,0
0.6620,450000.0,3.8000,10.9288,1.5543,79.0139,97.8712,0
0.6980,200000.0,3.2000,12.9740,1.6388,77.8658,97.7556,1
0.6980,200000.0,3.2500,12.8140,1.6388,78.0474,97.7764,0
0.6980,200000.0,3.3000,12.6521,1.6388,78.2258,97.7956,0
0.6980,200000.0,3.3500,12.4881,1.6388,78.4013,97.8135,0
0.6980,200000.0,3.4000,12.3223,1.6388,78.5739,97.8300,0
0.6980,200000.0,3.4500,12.1546,1.6388,78.7436,97.8453,0
0.6980,200000.0,3.5000,11.9852,1.6388,78.9105,97.8593,0
0.6980,200000.0,3.5500,11.8140,1.6388,79.0747,97.8722,0
0.6980,200000.0,3.6000,11.6413,1.6388,79.2363,97.8840,0
0.6980,200000.0,3.6500,11.4671,1.6388,79.3952,97.8957,0
0.6980,200000.0,3.7000,11.2915,1.6388,79.5516,97.9056,0
0.6980,200000.0,3.7500,11.1147,1.6388,79.7054,97.9148,0
0.6980,200000.0,3.8000,10.9367,1.6388,79.8569,97.9242,0
0.6980,231250.0,3.2000,12.9739,1.6388,77.8658,97.7556,1
0.6980,231250.0,3.2500,12.8139,1.6388,78.0474,97.7763,0
0.6980,231250.0,3.3000,12.6519,1.6388,78.2258,97.7956,0
0.6980,231250.0,3.3500,12.4880,1.6388,78.4013,97.8138,0
0.6980,231250.0,3.4000,12.3222,1.6388,78.5739,97.8300,0
0.6980,231250.0,3.4500,12.1545,1.6388,78.7436,97.8453,0
0.6980,231250.0,3.5000,11.9851,1.6388,78.9105,97.8593,0
0.6980,231250.0,3.5500,11.8140,1.6388,79.0747,97.8723,0
0.6980,231250.0,3.6000,11.6412,1.6388,79.2363,97.8840,0
0.6980,231250.0,3.6500,11.4670,1.6388,79.3952,97.8955,0
0.6980,231250.0,3.7000,11.2914,1.6388,79.5516,97.9055,0
0.6980,231250.0,3.7500,11.1146,1.6388,79.7054,97.9148,0
0.6980,231250.0,3.8000,10.9367,1.6388,79.8569,97.9243,0
0.6980,262500.0,3.2000,12.9737,1.6388,77.8658,97.7555,1
0.6980,262500.0,3.2500,12.8137,1.6388,78.0474,97.7762,0
0.6980,262500.0,3.3000,12.6518,1.6388,78.2258,97.7955,0
0.6980,262500.0,3.3500,12.4878,1.6388,78.4013,97.8137,0
0.6980,262500.0,3.4000,12.3220,1.6388,78.5739,97.8300,0
0.6980,262500.0,3.4500,12.1544,1.6388,78.7436,97.8452,0
0.6980,262500.0,3.5000,11.9849,1.6388,78.9105,97.8592,0
0.6980,262500.0,3.5500,11.8138,1.6388,79.0747,97.8723,0
0.6980,262500.0,3.6000,11.6411,1.6388,79.2363,97.8839,0
0.6980,262500.0,3.6500,11.4669,1.6388,79.3952,97.8955,0
0.6980,262500.0,3.7000,11.2913,1.6388,79.5516,97.9055,0
0.6980,262500.0,3.7500,11.1145,1.6388,79.7054,97.9148,0
0.6980,262500.0,3.8000,10.9366,1.6388,79.8569,97.9243,0
0.6980,293750.0,3.2000,12.9735,1.6388,77.8658,97.7554,1
0.6980,293750.0,3.2500,12.8136,1.6388,78.0474,97.7763,0
0.6980,293750.0,3.3000,12.6516,1.6388,78.2258,97.7954,0
0.6980,293750.0,3.3500,12.4877,1.6388,78.4013,97.8136,0
0.6980,293750.0,3.4000,12.3219,1.6388,78.5739,97.8299,0
0.6980,293750.0,3.4500,12.1542,1.6388,78.7436,97.8452,0
0.6980,293750.0,3.5000,11.9848,1.6388,78.9105,97.8592,0
0.6980,293750.0,3.5500,11.8137,1.6388,79.0747,97.8724,0
0.6980,293750.0,3.6000,11.6410,1.6388,79.2363,97.8845,0
0.6980,293750.0,3.6500,11.4668,1.6388,79.3952,97.8957,0
0.6980,293750.0,3.7000,11.2912,1.6388,79.5516,97.9054,0
0.6980,293750.0,3.7500,11.1144,1.6388,79.7054,97.9148,0
0.6980,293750.0,3.8000,10.9365,1.6388,79.8569,97.9243,0
0.6980,325000.0,3.2000,12.9733,1.6388,77.8658,97.7555,1
0.6980,325000.0,3.2500,12.8134,1.6388,78.0474,97.7765,0
0.6980,325000.0,3.3000,12.6514,1.6388,78.2258,97.7953,0
0.6980,325000.0,3.3500,12.4875,1.6388,78.4013,97.8137,0
0.6980,325000.0,3.4000,12.3217,1.6388,78.5739,97.8298,0
0.6980,325000.0,3.4500,12.1541,1.6388,78.7436,97.8452,0
0.6980,325000.0,3.5000,11.9847,1.6388,78.9105,97.8591,0
0.6980,325000.0,3.5500,11.8136,1.6388,79.0747,97.8724,0
0.6980,325000.0,3.6000,11.6409,1.6388,79.2363,97.8845,0
0.6980,325000.0,3.6500,11.4667,1.6388,79.3952,97.8956,0
0.6980,325000.0,3.7000,11.2911,1.6388,79.5516,97.9055,0
0.6980,325000.0,3.7500,11.1143,1.6388,79.7054,97.9148,0
0.6980,325000.0,3.8000,10.9364,1.6388,79.8569,97.9243,0
0.6980,356250.0,3.2000,12.9732,1.6388,77.8659,97.7556,1
0.6980,356250.0,3.2500,12.8132,1.6388,78.0474,97.7764,0
0.6980,356250.0,3.3000,12.6513,1.6388,78.2258,97.7956,0
0.6980,356250.0,3.3500,12.4874,1.6388,78.4013,97.8137,0
0.6980,356250.0,3.4000,12.3216,1.6388,78.5739,97.8297,0
0.6980,356250.0,3.4500,12.1540,1.6388,78.7436,97.8451,0
0.6980,356250.0,3.5000,11.9846,1.6388,78.9105,97.8594,0
0.6980,356250.0,3.5500,11.8135,1.6388,79.0747,97.8723,0
0.6980,356250.0,3.6000,11.6408,1.6388,79.2363,97.8844,0
0.6980,356250.0,3.6500,11.4666,1.6388,79.3952,97.8957,0
0.6980,356250.0,3.7000,11.2910,1.6388,79.5516,97.9059,0
0.6980,356250.0,3.7500,11.1143,1.6388,79.7055,97.9148,0
0.6980,356250.0,3.8000,10.9363,1.6388,79.8569,97.9243,0
0.6980,387500.0,3.2000,12.9730,1.6388,77.8659,97.7555,1
0.6980,387500.0,3.2500,12.8131,1.6388,78.0474,97.7763,0
0.6980,387500.0,3.3000,12.6511,1.6388,78.2258,97.7957,0
0.6980,387500.0,3.3500,12.4873,1.6388,78.4013,97.8136,0
0.6980,387500.0,3.4000,12.3215,1.6388,78.5739,97.8298,0
0.6980,387500.0,3.4500,12.1538,1.6388,78.7436,97.8452,0
0.6980,387500.0,3.5000,11.9844,1.6388,78.9105,97.8593,0
0.6980,387500.0,3.5500,11.8134,1.6388,79.0747,97.8722,0
0.6980,387500.0,3.6000,11.6407,1.6388,79.2363,97.8844,0
0.6980,387500.0,3.6500,11.4665,1.6388,79.3952,97.8957,0
0.6980,387500.0,3.7000,11.2910,1.6388,79.5516,97.9059,0
0.6980,387500.0,3.7500,11.1142,1.6388,79.7055,97.9147,0
0.6980,387500.0,3.8000,10.9363,1.6388,79.8569,97.9243,0
0.6980,418750.0,3.2000,12.9729,1.6388,77.8659,97.7554,1
0.6980,418750.0,3.2500,12.8129,1.6388,78.0474,97.7763,0
0.6980,418750.0,3.3000,12.6510,1.6388,78.2258,97.7956,0
0.6980,418750.0,3.3500,12.4871,1.6388,78.4013,97.8135,0
0.6980,418750.0,3.4000,12.3213,1.6388,78.5739,97.8297,0
0.6980,418750.0,3.4500,12.1537,1.6388,78.7436,97.8451,0
0.6980,418750.0,3.5000,11.9843,1.6388,78.9105,97.8592,0
0.6980,418750.0,3.5500,11.8133,1.6388,79.0747,97.8722,0
0.6980,418750.0,3.6000,11.6406,1.6388,79.2363,97.8843,0
0.6980,418750.0,3.6500,11.4664,1.6388,79.3952,97.8956,0
0.6980,418750.0,3.7000,11.2909,1.6388,79.5516,97.9058,0
0.6980,418750.0,3.7500,11.1141,1.6388,79.7055,97.9147,0
0.6980,418750.0,3.8000,10.9362,1.6388,79.8569,97.9243,0
0.6980,450000.0,3.2000,12.9728,1.6388,77.8659,97.7553,1
0.6980,450000.0,3.2500,12.8128,1.6388,78.0474,97.7765,0
0.6980,450000.0,3.3000,12.6509,1.6388,78.2258,97.7956,0
0.6980,450000.0,3.3500,12.4870,1.6388,78.4013,97.8134,0
0.6980,450000.0,3.4000,12.3213,1.6388,78.5739,97.8299,0
0.6980,450000.0,3.4500,12.1536,1.6388,78.7436,97.8451,0
0.6980,450000.0,3.5000,11.9843,1.6388,78.9105,97.8592,0
0.6980,450000.0,3.5500,11.8132,1.6388,79.0747,97.8721,0
0.6980,450000.0,3.6000,11.6405,1.6388,79.2363,97.8843,0
0.6980,450000.0,3.6500,11.4664,1.6388,79.3952,97.8956,0
0.6980,450000.0,3.7000,11.2908,1.6388,79.5516,97.9058,0
0.6980,450000.0,3.7500,11.1141,1.6388,79.7055,97.9151,0
0.6980,450000.0,3.8000,10.9362,1.6388,79.8569,97.9242,0
0.7340,200000.0,3.2000,12.9799,1.7234,78.8037,97.8457,0
0.7340,200000.0,3.2500,12.8200,1.7234,78.9766,97.8605,0
0.7340,200000.0,3.3000,12.6581,1.7234,79.1466,97.8738,0
0.7340,200000.0,3.3500,12.4942,1.7234,79.3138,97.8860,0
0.7340,200000.0,3.4000,12.3285,1.7234,79.4781,97.8974,0
0.7340,200000.0,3.4500,12.1609,1.7234,79.6398,97.9079,0
0.7340,200000.0,3.5000,11.9915,1.7234,79.7987,97.9174,0
0.7340,200000.0,3.5500,11.8205,1.7234,79.9551,97.9263,0
0.7340,200000.0,3.6000,11.6478,1.7234,80.1089,97.9346,0
0.7340,200000.0,3.6500,11.4736,1.7234,80.2603,97.9423,0
0.7340,200000.0,3.7000,11.2981,1.7234,80.4092,97.9489,0
0.7340,200000.0,3.7500,11.1213,1.7234,80.5557,97.9555,0
0.7340,200000.0,3.8000,10.9434,1.7234,80.6999,97.9617,0
0.7340,231250.0,3.2000,12.9798,1.7234,78.8037,97.8460,0
0.7340,231250.0,3.2500,12.8199,1.7234,78.9766,97.8606,0
0.7340,231250.0,3.3000,12.6580,1.7234,79.1466,97.8738,0
0.7340,231250.0,3.3500,12.4941,1.7234,79.3138,97.8859,0
0.7340,231250.0,3.4000,12.3284,1.7234,79.4781,97.8973,0
0.7340,231250.0,3.4500,12.1608,1.7234,79.6398,97.9079,0
0.7340,231250.0,3.5000,11.9914,1.7234,79.7987,97.9174,0
0.7340,231250.0,3.5500,11.8204,1.7234,79.9551,97.9263,0
0.7340,231250.0,3.6000,11.6477,1.7234,80.1089,97.9346,0
0.7340,231250.0,3.6500,11.4736,1.7234,80.2603,97.9422,0
0.7340,231250.0,3.7000,11.2980,1.7234,80.4092,97.9490,0
0.7340,231250.0,3.7500,11.1212,1.7234,80.5557,97.9553,0
0.7340,231250.0,3.8000,10.9433,1.7234,80.6999,97.9618,0
0.7340,262500.0,3.2000,12.9796,1.7234,78.8037,97.8461,0
0.7340,262500.0,3.2500,12.8197,1.7234,78.9766,97.8605,0
0.7340,262500.0,3.3000,12.6578,1.7234,79.1466,97.8739,0
0.7340,262500.0,3.3500,12.4940,1.7234,79.3138,97.8864,0
0.7340,262500.0,3.4000,12.3282,1.7234,79.4781,97.8974,0
0.7340,262500.0,3.4500,12.1607,1.7234,79.6398,97.9078,0
0.7340,262500.0,3.5000,11.9913,1.7234,79.7987,97.9173,0
0.7340,262500.0,3.5500,11.8202,1.7234,79.9551,97.9262,0
0.7340,262500.0,3.6000,11.6476,1.7234,80.1089,97.9346,0
0.7340,262500.0,3.6500,11.4735,1.7234,80.2603,97.9423,0
0.7340,262500.0,3.7000,11.2979,1.7234,80.4092,97.9489,0
0.7340,262500.0,3.7500,11.1211,1.7234,80.5557,97.9553,0
0.7340,262500.0,3.8000,10.9432,1.7234,80.6999,97.9618,0
0.7340,293750.0,3.2000,12.9794,1.7234,78.8037,97.8462,0
0.7340,293750.0,3.2500,12.8195,1.7234,78.9766,97.8604,0
0.7340,293750.0,3.3000,12.6577,1.7234,79.1466,97.8738,0
0.7340,293750.0,3.3500,12.4938,1.7234,79.3138,97.8863,0
0.7340,293750.0,3.4000,12.3281,1.7234,79.4781,97.8973,0
0.7340,293750.0,3.4500,12.1605,1.7234,79.6398,97.9078,0
0.7340,293750.0,3.5000,11.9912,1.7234,79.7987,97.9176,0
0.7340,293750.0,3.5500,11.8201,1.7234,79.9551,97.9263,0
0.7340,293750.0,3.6000,11.6475,1.7234,80.1089,97.9345,0
0.7340,293750.0,3.6500,11.4734,1.7234,80.2603,97.9423,0
0.7340,293750.0,3.7000,11.2978,1.7234,80.4092,97.9489,0
0.7340,293750.0,3.7500,11.1211,1.7234,80.5557,97.9555,0
0.7340,293750.0,3.8000,10.9432,1.7234,80.6999,97.9618,0
0.7340,325000.0,3.2000,12.9792,1.7234,78.8038,97.8460,0
0.7340,325000.0,3.2500,12.8194,1.7234,78.9767,97.8603,0
0.7340,325000.0,3.3000,12.6575,1.7234,79.1466,97.8741,0
0.7340,325000.0,3.3500,12.4937,1.7234,79.3138,97.8863,0
0.7340,325000.0,3.4000,12.3280,1.7234,79.4781,97.8972,0
0.7340,325000.0,3.4500,12.1604,1.7234,79.6398,97.9080,0
0.7340,325000.0,3.5000,11.9911,1.7234,79.7987,97.9175,0
0.7340,325000.0,3.5500,11.8200,1.7234,79.9551,97.9263,0
0.7340,325000.0,3.6000,11.6474,1.7234,80.1089,97.9345,0
0.7340,325000.0,3.6500,11.4733,1.7234,80.2603,97.9422,0
0.7340,325000.0,3.7000,11.2978,1.7234,80.4092,97.9488,0
0.7340,325000.0,3.7500,11.1210,1.7234,80.5557,97.9555,0
0.7340,325000.0,3.8000,10.9431,1.7234,80.6999,97.9617,0
0.7340,356250.0,3.2000,12.9791,1.7234,78.8038,97.8462,0
0.7340,356250.0,3.2500,12.8192,1.7234,78.9767,97.8605,0
0.7340,356250.0,3.3000,12.6574,1.7234,79.1466,97.8740,0
0.7340,356250.0,3.3500,12.4935,1.7234,79.3138,97.8862,0
0.7340,356250.0,3.4000,12.3278,1.7234,79.4781,97.8971,0
0.7340,356250.0,3.4500,12.1603,1.7234,79.6398,97.9079,0
0.7340,356250.0,3.5000,11.9909,1.7234,79.7987,97.9174,0
0.7340,356250.0,3.5500,11.8199,1.7234,79.9551,97.9262,0
0.7340,356250.0,3.6000,11.6473,1.7234,80.1089,97.9345,0
0.7340,356250.0,3.6500,11.4732,1.7234,80.2603,97.9422,0
0.7340,356250.0,3.7000,11.2977,1.7234,80.4092,97.9488,0
0.7340,356250.0,3.7500,11.1209,1.7234,80.5557,97.9554,0
0.7340,356250.0,3.8000,10.9430,1.7234,80.6999,97.9617,0
0.7340,387500.0,3.2000,12.9789,1.7234,78.8038,97.8461,0
0.7340,387500.0,3.2500,12.8191,1.7234,78.9767,97.8606,0
0.7340,387500.0,3.3000,12.6572,1.7234,79.1466,97.8740,0
0.7340,387500.0,3.3500,12.4934,1.7234,79.3138,97.8863,0
0.7340,387500.0,3.4000,12.3277,1.7234,79.4781,97.8976,0
0.7340,387500.0,3.4500,12.1602,1.7234,79.6398,97.9081,0
0.7340,387500.0,3.5000,11.9908,1.7234,79.7988,97.9173,0
0.7340,387500.0,3.5500,11.8198,1.7234,79.9551,97.9261,0
0.7340,387500.0,3.6000,11.6472,1.7234,80.1089,97.9344,0
0.7340,387500.0,3.6500,11.4731,1.7234,80.2603,97.9421,0
0.7340,387500.0,3.7000,11.2976,1.7234,80.4092,97.9487,0
0.7340,387500.0,3.7500,11.1209,1.7234,80.5557,97.9554,0
0.7340,387500.0,3.8000,10.9430,1.7234,80.6999,97.9617,0
0.7340,418750.0,3.2000,12.9788,1.7234,78.8038,97.8460,0
0.7340,418750.0,3.2500,12.8189,1.7234,78.9767,97.8605,0
0.7340,418750.0,3.3000,12.6571,1.7234,79.1467,97.8739,0
0.7340,418750.0,3.3500,12.4933,1.7234,79.3138,97.8862,0
0.7340,418750.0,3.4000,12.3276,1.7234,79.4781,97.8975,0
0.7340,418750.0,3.4500,12.1601,1.7234,79.6398,97.9081,0
0.7340,418750.0,3.5000,11.9908,1.7234,79.7988,97.9173,0
0.7340,418750.0,3.5500,11.8197,1.7234,79.9551,97.9260,0
0.7340,418750.0,3.6000,11.6471,1.7234,80.1090,97.9348,0
0.7340,418750.0,3.6500,11.4730,1.7234,80.2603,97.9420,0
0.7340,418750.0,3.7000,11.2975,1.7234,80.4092,97.9487,0
0.7340,418750.0,3.7500,11.1208,1.7234,80.5557,97.9554,0
0.7340,418750.0,3.8000,10.9429,1.7234,80.6999,97.9619,0
0.7340,450000.0,3.2000,12.9787,1.7234,78.8038,97.8459,0
0.7340,450000.0,3.2500,12.8188,1.7234,78.9767,97.8605,0
0.7340,450000.0,3.3000,12.6570,1.7234,79.1467,97.8738,0
0.7340,450000.0,3.3500,12.4932,1.7234,79.3138,97.8861,0
0.7340,450000.0,3.4000,12.3275,1.7234,79.4781,97.8978,0
0.7340,450000.0,3.4500,12.1600,1.7234,79.6398,97.9081,0
0.7340,450000.0,3.5000,11.9907,1.7234,79.7988,97.9179,0
0.7340,450000.0,3.5500,11.8197,1.7234,79.9551,97.9260,0
0.7340,450000.0,3.6000,11.6471,1.7234,80.1090,97.9347,0
0.7340,450000.0,3.6500,11.4730,1.7234,80.2603,97.9420,0
0.7340,450000.0,3.7000,11.2975,1.7234,80.4092,97.9487,0
0.7340,450000.0,3.7500,11.1208,1.7234,80.5557,97.9553,0
0.7340,450000.0,3.8000,10.9429,1.7234,80.6999,97.9619,0
0.7700,200000.0,3.2000,12.9851,1.8079,79.7416,97.9107,0
0.7700,200000.0,3.2500,12.8252,1.8079,79.9059,97.9204,0
0.7700,200000.0,3.3000,12.6634,1.8079,80.0674,97.9295,0
0.7700,200000.0,3.3500,12.4997,1.8079,80.2262,97.9376,0
0.7700,200000.0,3.4000,12.3340,1.8079,80.3824,97.9451,0
0.7700,200000.0,3.4500,12.1665,1.8079,80.5359,97.9520,0
0.7700,200000.0,3.5000,11.9972,1.8079,80.6870,97.9585,0
0.7700,200000.0,3.5500,11.8262,1.8079,80.8355,97.9641,0
0.7700,200000.0,3.6000,11.6536,1.8079,80.9816,97.9699,0
0.7700,200000.0,3.6500,11.4795,1.8079,81.1254,97.9735,0
0.7700,200000.0,3.7000,11.3041,1.8079,81.2668,97.9769,0
0.7700,200000.0,3.7500,11.1273,1.8079,81.4060,97.9796,0
0.7700,200000.0,3.8000,10.9495,1.8079,81.5429,97.9826,0
0.7700,231250.0,3.2000,12.9849,1.8079,79.7416,97.9106,0
0.7700,231250.0,3.2500,12.8251,1.8079,79.9059,97.9203,0
0.7700,231250.0,3.3000,12.6633,1.8079,80.0674,97.9294,0
0.7700,231250.0,3.3500,12.4996,1.8079,80.2262,97.9377,0
0.7700,231250.0,3.4000,12.3339,1.8079,80.3824,97.9450,0
0.7700,231250.0,3.4500,12.1664,1.8079,80.5359,97.9522,0
0.7700,231250.0,3.5000,11.9971,1.8079,80.6870,97.9585,0
0.7700,231250.0,3.5500,11.8261,1.8079,80.8355,97.9641,0
0.7700,231250.0,3.6000,11.6536,1.8079,80.9816,97.9699,0
0.7700,231250.0,3.6500,11.4795,1.8079,81.1254,97.9735,0
0.7700,231250.0,3.7000,11.3040,1.8079,81.2668,97.9769,0
0.7700,231250.0,3.7500,11.1273,1.8079,81.4060,97.9796,0
0.7700,231250.0,3.8000,10.9494,1.8079,81.5429,97.9826,0
0.7700,262500.0,3.2000,12.9848,1.8079,79.7416,97.9107,0
0.7700,262500.0,3.2500,12.8250,1.8079,79.9059,97.9203,0
0.7700,262500.0,3.3000,12.6632,1.8079,80.0674,97.9294,0
0.7700,262500.0,3.3500,12.4994,1.8079,80.2262,97.9375,0
0.7700,262500.0,3.4000,12.3338,1.8079,80.3824,97.9449,0
0.7700,262500.0,3.4500,12.1663,1.8079,80.5359,97.9522,0
0.7700,262500.0,3.5000,11.9970,1.8079,80.6870,97.9585,0
0.7700,262500.0,3.5500,11.8260,1.8079,80.8355,97.9645,0
0.7700,262500.0,3.6000,11.6535,1.8079,80.9816,97.9698,0
0.7700,262500.0,3.6500,11.4794,1.8079,81.1254,97.9734,0
0.7700,262500.0,3.7000,11.3039,1.8079,81.2668,97.9769,0
0.7700,262500.0,3.7500,11.1272,1.8079,81.4060,97.9796,0
0.7700,262500.0,3.8000,10.9493,1.8079,81.5429,97.9826,0
0.7700,293750.0,3.2000,12.9846,1.8079,79.7417,97.9105,0
0.7700,293750.0,3.2500,12.8248,1.8079,79.9059,97.9203,0
0.7700,293750.0,3.3000,12.6630,1.8079,80.0674,97.9293,0
0.7700,293750.0,3.3500,12.4993,1.8079,80.2262,97.9374,0
0.7700,293750.0,3.4000,12.3336,1.8079,80.3824,97.9448,0
0.7700,293750.0,3.4500,12.1661,1.8079,80.5359,97.9522,0
0.7700,293750.0,3.5000,11.9969,1.8079,80.6870,97.9587,0
0.7700,293750.0,3.5500,11.8259,1.8079,80.8355,97.9644,0
0.7700,293750.0,3.6000,11.6534,1.8079,80.9816,97.9699,0
0.7700,293750.0,3.6500,11.4793,1.8079,81.1254,97.9733,0
0.7700,293750.0,3.7000,11.3038,1.8079,81.2668,97.9768,0
0.7700,293750.0,3.7500,11.1271,1.8079,81.4060,97.9796,0
0.7700,293750.0,3.8000,10.9493,1.8079,81.5429,97.9826,0
0.7700,325000.0,3.2000,12.9844,1.8079,79.7417,97.9104,0
0.7700,325000.0,3.2500,12.8246,1.8079,79.9059,97.9202,0
0.7700,325000.0,3.3000,12.6629,1.8079,80.0674,97.9292,0
0.7700,325000.0,3.3500,12.4991,1.8079,80.2262,97.9373,0
0.7700,325000.0,3.4000,12.3335,1.8079,80.3824,97.9449,0
0.7700,325000.0,3.4500,12.1660,1.8079,80.5359,97.9521,0
0.7700,325000.0,3.5000,11.9968,1.8079,80.6870,97.9587,0
0.7700,325000.0,3.5500,11.8258,1.8079,80.8355,97.9643,0
0.7700,325000.0,3.6000,11.6533,1.8079,80.9816,97.9698,0
0.7700,325000.0,3.6500,11.4792,1.8079,81.1254,97.9739,0
0.7700,325000.0,3.7000,11.3038,1.8079,81.2668,97.9767,0
0.7700,325000.0,3.7500,11.1271,1.8079,81.4060,97.9795,0
0.7700,325000.0,3.8000,10.9492,1.8079,81.5429,97.9825,0
0.7700,356250.0,3.2000,12.9843,1.8079,79.7417,97.9103,0
0.7700,356250.0,3.2500,12.8245,1.8079,79.9059,97.9202,0
0.7700,356250.0,3.3000,12.6627,1.8079,80.0675,97.9292,0
0.7700,356250.0,3.3500,12.4990,1.8079,80.2262,97.9374,0
0.7700,356250.0,3.4000,12.3334,1.8079,80.3824,97.9451,0
0.7700,356250.0,3.4500,12.1659,1.8079,80.5359,97.9519,0
0.7700,356250.0,3.5000,11.9967,1.8079,80.6870,97.9586,0
0.7700,356250.0,3.5500,11.8257,1.8079,80.8355,97.9646,0
0.7700,356250.0,3.6000,11.6532,1.8079,80.9816,97.9697,0
0.7700,356250.0,3.6500,11.4791,1.8079,81.1254,97.9738,0
0.7700,356250.0,3.7000,11.3037,1.8079,81.2668,97.9767,0
0.7700,356250.0,3.7500,11.1270,1.8079,81.4060,97.9795,0
0.7700,356250.0,3.8000,10.9492,1.8079,81.5429,97.9825,0
0.7700,387500.0,3.2000,12.9841,1.8079,79.7417,97.9107,0
0.7700,387500.0,3.2500,12.8244,1.8079,79.9059,97.9203,0
0.7700,387500.0,3.3000,12.6626,1.8079,80.0675,97.9291,0
0.7700,387500.0,3.3500,12.4989,1.8079,80.2263,97.9374,0
0.7700,387500.0,3.4000,12.3333,1.8079,80.3824,97.9450,0
0.7700,387500.0,3.4500,12.1658,1.8079,80.5359,97.9518,0
0.7700,387500.0,3.5000,11.9966,1.8079,80.6870,97.9586,0
0.7700,387500.0,3.5500,11.8257,1.8079,80.8355,97.9646,0
0.7700,387500.0,3.6000,11.6531,1.8079,80.9816,97.9696,0
0.7700,387500.0,3.6500,11.4791,1.8079,81.1254,97.9738,0
0.7700,387500.0,3.7000,11.3037,1.8079,81.2668,97.9766,0
0.7700,387500.0,3.7500,11.1270,1.8079,81.4060,97.9794,0
0.7700,387500.0,3.8000,10.9491,1.8079,81.5429,97.9824,0
0.7700,418750.0,3.2000,12.9840,1.8079,79.7417,97.9105,0
0.7700,418750.0,3.2500,12.8242,1.8079,79.9060,97.9202,0
0.7700,418750.0,3.3000,12.6625,1.8079,80.0675,97.9290,0
0.7700,418750.0,3.3500,12.4988,1.8079,80.2263,97.9373,0
0.7700,418750.0,3.4000,12.3332,1.8079,80.3824,97.9449,0
0.7700,418750.0,3.4500,12.1657,1.8079,80.5360,97.9517,0
0.7700,418750.0,3.5000,11.9965,1.8079,80.6870,97.9585,0
0.7700,418750.0,3.5500,11.8256,1.8079,80.8355,97.9645,0
0.7700,418750.0,3.6000,11.6531,1.8079,80.9816,97.9695,0
0.7700,418750.0,3.6500,11.4790,1.8079,81.1254,97.9737,0
0.7700,418750.0,3.7000,11.3036,1.8079,81.2668,97.9765,0
0.7700,418750.0,3.7500,11.1269,1.8079,81.4060,97.9793,0
0.7700,418750.0,3.8000,10.9491,1.8079,81.5429,97.9824,0
0.7700,450000.0,3.2000,12.9839,1.8079,79.7417,97.9105,0
0.7700,450000.0,3.2500,12.8242,1.8079,79.9060,97.9203,0
0.7700,450000.0,3.3000,12.6624,1.8079,80.0675,97.9291,0
0.7700,450000.0,3.3500,12.4987,1.8079,80.2263,97.9372,0
0.7700,450000.0,3.4000,12.3331,1.8079,80.3824,97.9449,0
0.7700,450000.0,3.4500,12.1657,1.8079,80.5360,97.9520,0
0.7700,450000.0,3.5000,11.9964,1.8079,80.6870,97.9585,0
0.7700,450000.0,3.5500,11.8255,1.8079,80.8355,97.9644,0
0.7700,450000.0,3.6000,11.6530,1.8079,80.9816,97.9695,0
0.7700,450000.0,3.6500,11.4790,1.8079,81.1254,97.9736,0
0.7700,450000.0,3.7000,11.3036,1.8079,81.2668,97.9765,0
0.7700,450000.0,3.7500,11.1269,1.8079,81.4060,97.9793,0
0.7700,450000.0,3.8000,10.9491,1.8079,81.5429,97.9823,0
0.8060,200000.0,3.2000,12.9896,1.8924,80.6795,97.9551,0
0.8060,200000.0,3.2500,12.8299,1.8924,80.8352,97.9617,0
0.8060,200000.0,3.3000,12.6682,1.8924,80.9882,97.9672,0
0.8060,200000.0,3.3500,12.5045,1.8924,81.1387,97.9712,0
0.8060,200000.0,3.4000,12.3389,1.8924,81.2866,97.9744,0
0.8060,200000.0,3.4500,12.1715,1.8924,81.4321,97.9772,0
0.8060,200000.0,3.5000,12.0023,1.8924,81.5752,97.9803,0
0.8060,200000.0,3.5500,11.8314,1.8924,81.7159,97.9829,0
0.8060,200000.0,3.6000,11.6589,1.8924,81.8543,97.9857,0
0.8060,200000.0,3.6500,11.4849,1.8924,81.9905,97.9878,0
0.8060,200000.0,3.7000,11.3095,1.8924,82.1244,97.9897,0
0.8060,200000.0,3.7500,11.1328,1.8924,82.2562,97.9915,0
0.8060,200000.0,3.8000,10.9550,1.8924,82.3860,97.9933,0
0.8060,231250.0,3.2000,12.9895,1.8924,80.6795,97.9555,0
0.8060,231250.0,3.2500,12.8298,1.8924,80.8352,97.9616,0
0.8060,231250.0,3.3000,12.6681,1.8924,80.9882,97.9671,0
0.8060,231250.0,3.3500,12.5044,1.8924,81.1387,97.9711,0
0.8060,231250.0,3.4000,12.3388,1.8924,81.2866,97.9745,0
0.8060,231250.0,3.4500,12.1714,1.8924,81.4321,97.9772,0
0.8060,231250.0,3.5000,12.0022,1.8924,81.5752,97.9803,0
0.8060,231250.0,3.5500,11.8314,1.8924,81.7159,97.9829,0
0.8060,231250.0,3.6000,11.6589,1.8924,81.8543,97.9856,0
0.8060,231250.0,3.6500,11.4849,1.8924,81.9905,97.9878,0
0.8060,231250.0,3.7000,11.3095,1.8924,82.1244,97.9897,0
0.8060,231250.0,3.7500,11.1328,1.8924,82.2562,97.9915,0
0.8060,231250.0,3.8000,10.9550,1.8924,82.3860,97.9934,0
0.8060,262500.0,3.2000,12.9893,1.8924,80.6796,97.9555,0
0.8060,262500.0,3.2500,12.8296,1.8924,80.8352,97.9615,0
0.8060,262500.0,3.3000,12.6679,1.8924,80.9882,97.9670,0
0.8060,262500.0,3.3500,12.5043,1.8924,81.1387,97.9711,0
0.8060,262500.0,3.4000,12.3387,1.8924,81.2866,97.9745,0
0.8060,262500.0,3.4500,12.1713,1.8924,81.4321,97.9772,0
0.8060,262500.0,3.5000,12.0021,1.8924,81.5752,97.9802,0
0.8060,262500.0,3.5500,11.8313,1.8924,81.7159,97.9828,0
0.8060,262500.0,3.6000,11.6588,1.8924,81.8543,97.9857,0
0.8060,262500.0,3.6500,11.4848,1.8924,81.9905,97.9877,0
0.8060,262500.0,3.7000,11.3094,1.8924,82.1244,97.9897,0
0.8060,262500.0,3.7500,11.1327,1.8924,82.2562,97.9915,0
0.8060,262500.0,3.8000,10.9549,1.8924,82.3860,97.9933,0
0.8060,293750.0,3.2000,12.9892,1.8924,80.6796,97.9555,0
0.8060,293750.0,3.2500,12.8295,1.8924,80.8352,97.9615,0
0.8060,293750.0,3.3000,12.6678,1.8924,80.9883,97.9670,0
0.8060,293750.0,3.3500,12.5041,1.8924,81.1387,97.9709,0
0.8060,293750.0,3.4000,12.3386,1.8924,81.2866,97.9744,0
0.8060,293750.0,3.4500,12.1712,1.8924,81.4321,97.9774,0
0.8060,293750.0,3.5000,12.0020,1.8924,81.5752,97.9801,0
0.8060,293750.0,3.5500,11.8312,1.8924,81.7159,97.9827,0
0.8060,293750.0,3.6000,11.6587,1.8924,81.8543,97.9856,0
0.8060,293750.0,3.6500,11.4847,1.8924,81.9905,97.9881,0
0.8060,293750.0,3.7000,11.3093,1.8924,82.1244,97.9900,0
0.8060,293750.0,3.7500,11.1327,1.8924,82.2562,97.9914,0
0.8060,293750.0,3.8000,10.9549,1.8924,82.3860,97.9933,0
0.8060,325000.0,3.2000,12.9890,1.8924,80.6796,97.9553,0
0.8060,325000.0,3.2500,12.8293,1.8924,80.8352,97.9615,0
0.8060,325000.0,3.3000,12.6676,1.8924,80.9883,97.9673,0
0.8060,325000.0,3.3500,12.5040,1.8924,81.1387,97.9708,0
0.8060,325000.0,3.4000,12.3385,1.8924,81.2866,97.9743,0
0.8060,325000.0,3.4500,12.1711,1.8924,81.4321,97.9775,0
0.8060,325000.0,3.5000,12.0019,1.8924,81.5752,97.9799,0
0.8060,325000.0,3.5500,11.8311,1.8924,81.7159,97.9830,0
0.8060,325000.0,3.6000,11.6586,1.8924,81.8543,97.9858,0
0.8060,325000.0,3.6500,11.4846,1.8924,81.9905,97.9880,0
0.8060,325000.0,3.7000,11.3093,1.8924,82.1244,97.9899,0
0.8060,325000.0,3.7500,11.1326,1.8924,82.2562,97.9918,0
0.8060,325000.0,3.8000,10.9549,1.8924,82.3860,97.9932,0
0.8060,356250.0,3.2000,12.9889,1.8924,80.6796,97.9552,0
0.8060,356250.0,3.2500,12.8292,1.8924,80.8352,97.9614,0
0.8060,356250.0,3.3000,12.6675,1.8924,80.9883,97.9671,0
0.8060,356250.0,3.3500,12.5039,1.8924,81.1387,97.9709,0
0.8060,356250.0,3.4000,12.3384,1.8924,81.2866,97.9741,0
0.8060,356250.0,3.4500,12.1710,1.8924,81.4321,97.9774,0
0.8060,356250.0,3.5000,12.0018,1.8924,81.5752,97.9806,0
0.8060,356250.0,3.5500,11.8310,1.8924,81.7159,97.9832,0
0.8060,356250.0,3.6000,11.6585,1.8924,81.8543,97.9857,0
0.8060,356250.0,3.6500,11.4846,1.8924,81.9905,97.9879,0
0.8060,356250.0,3.7000,11.3092,1.8924,82.1244,97.9899,0
0.8060,356250.0,3.7500,11.1326,1.8924,82.2562,97.9917,0
0.8060,356250.0,3.8000,10.9548,1.8924,82.3860,97.9932,0
0.8060,387500.0,3.2000,12.9887,1.8924,80.6796,97.9551,0
0.8060,387500.0,3.2500,12.8291,1.8924,80.8352,97.9616,0
0.8060,387500.0,3.3000,12.6674,1.8924,80.9883,97.9671,0
0.8060,387500.0,3.3500,12.5038,1.8924,81.1387,97.9707,0
0.8060,387500.0,3.4000,12.3383,1.8924,81.2866,97.9740,0
0.8060,387500.0,3.4500,12.1709,1.8924,81.4321,97.9774,0
0.8060,387500.0,3.5000,12.0018,1.8924,81.5752,97.9804,0
0.8060,387500.0,3.5500,11.8309,1.8924,81.7159,97.9833,0
0.8060,387500.0,3.6000,11.6585,1.8924,81.8543,97.9856,0
0.8060,387500.0,3.6500,11.4845,1.8924,81.9905,97.9878,0
0.8060,387500.0,3.7000,11.3092,1.8924,82.1244,97.9898,0
0.8060,387500.0,3.7500,11.1325,1.8924,82.2563,97.9916,0
0.8060,387500.0,3.8000,10.9548,1.8924,82.3860,97.9934,0
0.8060,418750.0,3.2000,12.9886,1.8924,80.6796,97.9551,0
0.8060,418750.0,3.2500,12.8289,1.8924,80.8352,97.9615,0
0.8060,418750.0,3.3000,12.6673,1.8924,80.9883,97.9672,0
0.8060,418750.0,3.3500,12.5037,1.8924,81.1387,97.9708,0
0.8060,418750.0,3.4000,12.3382,1.8924,81.2867,97.9742,0
0.8060,418750.0,3.4500,12.1708,1.8924,81.4321,97.9776,0
0.8060,418750.0,3.5000,12.0017,1.8924,81.5752,97.9804,0
0.8060,418750.0,3.5500,11.8309,1.8924,81.7159,97.9833,0
0.8060,418750.0,3.6000,11.6584,1.8924,81.8543,97.9855,0
0.8060,418750.0,3.6500,11.4845,1.8924,81.9905,97.9878,0
0.8060,418750.0,3.7000,11.3091,1.8924,82.1244,97.9901,0
0.8060,418750.0,3.7500,11.1325,1.8924,82.2563,97.9920,0
0.8060,418750.0,3.8000,10.9548,1.8924,82.3860,97.9936,0
0.8060,450000.0,3.2000,12.9885,1.8924,80.6796,97.9552,0
0.8060,450000.0,3.2500,12.8289,1.8924,80.8352,97.9617,0
0.8060,450000.0,3.3000,12.6672,1.8924,80.9883,97.9671,0
0.8060,450000.0,3.3500,12.5036,1.8924,81.1387,97.9707,0
0.8060,450000.0,3.4000,12.3381,1.8924,81.2867,97.9743,0
0.8060,450000.0,3.4500,12.1708,1.8924,81.4321,97.9775,0
0.8060,450000.0,3.5000,12.0016,1.8924,81.5752,97.9804,0
0.8060,450000.0,3.5500,11.8308,1.8924,81.7159,97.9832,0
0.8060,450000.0,3.6000,11.6584,1.8924,81.8543,97.9855,0
0.8060,450000.0,3.6500,11.4844,1.8924,81.9905,97.9877,0
0.8060,450000.0,3.7000,11.3091,1.8924,82.1244,97.9901,0
0.8060,450000.0,3.7500,11.1325,1.8924,82.2563,97.9924,0
0.8060,450000.0,3.8000,10.9547,1.8924,82.3860,97.9935,0
0.8420,200000.0,3.2000,12.9936,1.9769,81.6175,97.9785,0
0.8420,200000.0,3.2500,12.8340,1.9769,81.7645,97.9815,0
0.8420,200000.0,3.3000,12.6724,1.9769,81.9090,97.9840,0
0.8420,200000.0,3.3500,12.5088,1.9769,82.0512,97.9865,0
0.8420,200000.0,3.4000,12.3434,1.9769,82.1909,97.9887,0
0.8420,200000.0,3.4500,12.1761,1.9769,82.3283,97.9910,0
0.8420,200000.0,3.5000,12.0070,1.9769,82.4634,97.9930,0
0.8420,200000.0,3.5500,11.8362,1.9769,82.5963,97.9945,0
0.8420,200000.0,3.6000,11.6638,1.9769,82.7270,97.9965,0
0.8420,200000.0,3.6500,11.4899,1.9769,82.8556,97.9982,0
0.8420,200000.0,3.7000,11.3145,1.9769,82.9821,97.9993,0
0.8420,200000.0,3.7500,11.1379,1.9769,83.1065,98.0007,0
0.8420,200000.0,3.8000,10.9602,1.9769,83.2290,98.0021,0
0.8420,231250.0,3.2000,12.9935,1.9769,81.6175,97.9784,0
0.8420,231250.0,3.2500,12.8339,1.9769,81.7645,97.9815,0
0.8420,231250.0,3.3000,12.6723,1.9769,81.9091,97.9839,0
0.8420,231250.0,3.3500,12.5087,1.9769,82.0512,97.9868,0
0.8420,231250.0,3.4000,12.3433,1.9769,82.1909,97.9887,0
0.8420,231250.0,3.4500,12.1760,1.9769,82.3283,97.9909,0
0.8420,231250.0,3.5000,12.0069,1.9769,82.4634,97.9929,0
0.8420,231250.0,3.5500,11.8361,1.9769,82.5963,97.9945,0
0.8420,231250.0,3.6000,11.6637,1.9769,82.7270,97.9964,0
0.8420,231250.0,3.6500,11.4898,1.9769,82.8556,97.9980,0
0.8420,231250.0,3.7000,11.3145,1.9769,82.9821,97.9993,0
0.8420,231250.0,3.7500,11.1379,1.9769,83.1065,98.0008,0
0.8420,231250.0,3.8000,10.9602,1.9769,83.2290,98.0021,0
0.8420,262500.0,3.2000,12.9934,1.9769,81.6175,97.9785,0
0.8420,262500.0,3.2500,12.8337,1.9769,81.7645,97.9815,0
0.8420,262500.0,3.3000,12.6722,1.9769,81.9091,97.9838,0
0.8420,262500.0,3.3500,12.5086,1.9769,82.0512,97.9866,0
0.8420,262500.0,3.4000,12.3432,1.9769,82.1909,97.9889,0
0.8420,262500.0,3.4500,12.1759,1.9769,82.3283,97.9908,0
0.8420,262500.0,3.5000,12.0068,1.9769,82.4634,97.9929,0
0.8420,262500.0,3.5500,11.8360,1.9769,82.5963,97.9944,0
0.8420,262500.0,3.6000,11.6636,1.9769,82.7270,97.9963,0
0.8420,262500.0,3.6500,11.4897,1.9769,82.8556,97.9981,0
0.8420,262500.0,3.7000,11.3144,1.9769,82.9821,97.9992,0
0.8420,262500.0,3.7500,11.1378,1.9769,83.1065,98.0007,0
0.8420,262500.0,3.8000,10.9601,1.9769,83.2290,98.0021,0
0.8420,293750.0,3.2000,12.9932,1.9769,81.6175,97.9785,0
0.8420,293750.0,3.2500,12.8336,1.9769,81.7645,97.9813,0
0.8420,293750.0,3.3000,12.6720,1.9769,81.9091,97.9841,0
0.8420,293750.0,3.3500,12.5085,1.9769,82.0512,97.9866,0
0.8420,293750.0,3.4000,12.3430,1.9769,82.1909,97.9890,0
0.8420,293750.0,3.4500,12.1758,1.9769,82.3283,97.9908,0
0.8420,293750.0,3.5000,12.0067,1.9769,82.4634,97.9928,0
0.8420,293750.0,3.5500,11.8359,1.9769,82.5963,97.9946,0
0.8420,293750.0,3.6000,11.6636,1.9769,82.7270,97.9962,0
0.8420,293750.0,3.6500,11.4897,1.9769,82.8556,97.9980,0
0.8420,293750.0,3.7000,11.3144,1.9769,82.9821,97.9991,0
0.8420,293750.0,3.7500,11.1378,1.9769,83.1065,98.0006,0
0.8420,293750.0,3.8000,10.9601,1.9769,83.2290,98.0020,0
0.8420,325000.0,3.2000,12.9931,1.9769,81.6175,97.9785,0
0.8420,325000.0,3.2500,12.8335,1.9769,81.7645,97.9813,0
0.8420,325000.0,3.3000,12.6719,1.9769,81.9091,97.9842,0
0.8420,325000.0,3.3500,12.5084,1.9769,82.0512,97.9866,0
0.8420,325000.0,3.4000,12.3429,1.9769,82.1909,97.9889,0
0.8420,325000.0,3.4500,12.1757,1.9769,82.3283,97.9909,0
0.8420,325000.0,3.5000,12.0066,1.9769,82.4634,97.9930,0
0.8420,325000.0,3.5500,11.8359,1.9769,82.5963,97.9949,0
0.8420,325000.0,3.6000,11.6635,1.9769,82.7270,97.9962,0
0.8420,325000.0,3.6500,11.4896,1.9769,82.8556,97.9980,0
0.8420,325000.0,3.7000,11.3143,1.9769,82.9821,97.9993,0
0.8420,325000.0,3.7500,11.1378,1.9769,83.1065,98.0005,0
0.8420,325000.0,3.8000,10.9601,1.9769,83.2290,98.0021,0
0.8420,356250.0,3.2000,12.9929,1.9769,81.6175,97.9784,0
0.8420,356250.0,3.2500,12.8333,1.9769,81.7645,97.9812,0
0.8420,356250.0,3.3000,12.6718,1.9769,81.9091,97.9841,0
0.8420,356250.0,3.3500,12.5083,1.9769,82.0512,97.9864,0
0.8420,356250.0,3.4000,12.3428,1.9769,82.1909,97.9888,0
0.8420,356250.0,3.4500,12.1756,1.9769,82.3283,97.9908,0
0.8420,356250.0,3.5000,12.0065,1.9769,82.4634,97.9929,0
0.8420,356250.0,3.5500,11.8358,1.9769,82.5963,97.9948,0
0.8420,356250.0,3.6000,11.6634,1.9769,82.7270,97.9961,0
0.8420,356250.0,3.6500,11.4896,1.9769,82.8556,97.9979,0
0.8420,356250.0,3.7000,11.3143,1.9769,82.9821,97.9992,0
0.8420,356250.0,3.7500,11.1377,1.9769,83.1065,98.0005,0
0.8420,356250.0,3.8000,10.9600,1.9769,83.2290,98.0020,0
0.8420,387500.0,3.2000,12.9928,1.9769,81.6175,97.9784,0
0.8420,387500.0,3.2500,12.8332,1.9769,81.7645,97.9813,0
0.8420,387500.0,3.3000,12.6717,1.9769,81.9091,97.9841,0
0.8420,387500.0,3.3500,12.5082,1.9769,82.0512,97.9865,0
0.8420,387500.0,3.4000,12.3428,1.9769,82.1909,97.9887,0
0.8420,387500.0,3.4500,12.1755,1.9769,82.3283,97.9906,0
0.8420,387500.0,3.5000,12.0065,1.9769,82.4634,97.9927,0
0.8420,387500.0,3.5500,11.8357,1.9769,82.5963,97.9947,0
0.8420,387500.0,3.6000,11.6634,1.9769,82.7270,97.9960,0
0.8420,387500.0,3.6500,11.4895,1.9769,82.8556,97.9978,0
0.8420,387500.0,3.7000,11.3142,1.9769,82.9821,97.9991,0
0.8420,387500.0,3.7500,11.1377,1.9769,83.1065,98.0004,0
0.8420,387500.0,3.8000,10.9600,1.9769,83.2290,98.0019,0
0.8420,418750.0,3.2000,12.9927,1.9769,81.6175,97.9785,0
0.8420,418750.0,3.2500,12.8331,1.9769,81.7645,97.9814,0
0.8420,418750.0,3.3000,12.6716,1.9769,81.9091,97.9842,0
0.8420,418750.0,3.3500,12.5081,1.9769,82.0512,97.9863,0
0.8420,418750.0,3.4000,12.3427,1.9769,82.1909,97.9888,0
0.8420,418750.0,3.4500,12.1754,1.9769,82.3283,97.9905,0
0.8420,418750.0,3.5000,12.0064,1.9769,82.4634,97.9929,0
0.8420,418750.0,3.5500,11.8357,1.9769,82.5963,97.9947,0
0.8420,418750.0,3.6000,11.6633,1.9769,82.7270,97.9965,0
0.8420,418750.0,3.6500,11.4895,1.9769,82.8556,97.9977,0
0.8420,418750.0,3.7000,11.3142,1.9769,82.9821,97.9990,0
0.8420,418750.0,3.7500,11.1377,1.9769,83.1065,98.0003,0
0.8420,418750.0,3.8000,10.9600,1.9769,83.2290,98.0018,0
0.8420,450000.0,3.2000,12.9926,1.9769,81.6175,97.9786,0
0.8420,450000.0,3.2500,12.8330,1.9769,81.7645,97.9813,0
0.8420,450000.0,3.3000,12.6715,1.9769,81.9091,97.9841,0
0.8420,450000.0,3.3500,12.5080,1.9769,82.0512,97.9865,0
0.8420,450000.0,3.4000,12.3426,1.9769,82.1909,97.9889,0
0.8420,450000.0,3.4500,12.1754,1.9769,82.3283,97.9906,0
0.8420,450000.0,3.5000,12.0064,1.9769,82.4634,97.9928,0
0.8420,450000.0,3.5500,11.8356,1.9769,82.5963,97.9946,0
0.8420,450000.0,3.6000,11.6633,1.9769,82.7270,97.9964,0
0.8420,450000.0,3.6500,11.4894,1.9769,82.8556,97.9976,0
0.8420,450000.0,3.7000,11.3142,1.9769,82.9821,97.9989,0
0.8420,450000.0,3.7500,11.1377,1.9769,83.1065,98.0002,0
0.8420,450000.0,3.8000,10.9600,1.9769,83.2290,98.0019,0
0.8780,200000.0,3.2000,12.9972,2.0614,82.5554,97.9923,0
0.8780,200000.0,3.2500,12.8377,2.0614,82.6938,97.9940,0
0.8780,200000.0,3.3000,12.6762,2.0614,82.8299,97.9957,0
0.8780,200000.0,3.3500,12.5127,2.0614,82.9636,97.9974,0
0.8780,200000.0,3.4000,12.3474,2.0614,83.0951,97.9987,0
0.8780,200000.0,3.4500,12.1802,2.0614,83.2244,98.0003,0
0.8780,200000.0,3.5000,12.0112,2.0614,83.3516,98.0017,0
0.8780,200000.0,3.5500,11.8405,2.0614,83.4767,98.0030,0
0.8780,200000.0,3.6000,11.6682,2.0614,83.5997,98.0039,0
0.8780,200000.0,3.6500,11.4944,2.0614,83.7207,98.0045,0
0.8780,200000.0,3.7000,11.3192,2.0614,83.8397,98.0056,0
0.8780,200000.0,3.7500,11.1427,2.0614,83.9568,98.0069,0
0.8780,200000.0,3.8000,10.9650,2.0614,84.0720,98.0072,0
0.8780,231250.0,3.2000,12.9971,2.0614,82.5554,97.9922,0
0.8780,231250.0,3.2500,12.8376,2.0614,82.6938,97.9942,0
0.8780,231250.0,3.3000,12.6761,2.0614,82.8299,97.9958,0
0.8780,231250.0,3.3500,12.5126,2.0614,82.9636,97.9973,0
0.8780,231250.0,3.4000,12.3473,2.0614,83.0951,97.9990,0
0.8780,231250.0,3.4500,12.1801,2.0614,83.2244,98.0004,0
0.8780,231250.0,3.5000,12.0111,2.0614,83.3516,98.0017,0
0.8780,231250.0,3.5500,11.8405,2.0614,83.4767,98.0029,0
0.8780,231250.0,3.6000,11.6682,2.0614,83.5997,98.0039,0
0.8780,231250.0,3.6500,11.4944,2.0614,83.7207,98.0045,0
0.8780,231250.0,3.7000,11.3191,2.0614,83.8397,98.0061,0
0.8780,231250.0,3.7500,11.1426,2.0614,83.9568,98.0069,0
0.8780,231250.0,3.8000,10.9650,2.0614,84.0720,98.0072,0
0.8780,262500.0,3.2000,12.9970,2.0614,82.5554,97.9921,0
0.8780,262500.0,3.2500,12.8375,2.0614,82.6938,97.9941,0
0.8780,262500.0,3.3000,12.6760,2.0614,82.8299,97.9957,0
0.8780,262500.0,3.3500,12.5125,2.0614,82.9636,97.9975,0
0.8780,262500.0,3.4000,12.3472,2.0614,83.0951,97.9988,0
0.8780,262500.0,3.4500,12.1800,2.0614,83.2245,98.0003,0
0.8780,262500.0,3.5000,12.0110,2.0614,83.3516,98.0017,0
0.8780,262500.0,3.5500,11.8404,2.0614,83.4767,98.0028,0
0.8780,262500.0,3.6000,11.6681,2.0614,83.5997,98.0037,0
0.8780,262500.0,3.6500,11.4943,2.0614,83.7207,98.0044,0
0.8780,262500.0,3.7000,11.3191,2.0614,83.8397,98.0060,0
0.8780,262500.0,3.7500,11.1426,2.0614,83.9568,98.0068,0
0.8780,262500.0,3.8000,10.9650,2.0614,84.0720,98.0073,0
0.8780,293750.0,3.2000,12.9968,2.0614,82.5554,97.9920,0
0.8780,293750.0,3.2500,12.8373,2.0614,82.6938,97.9940,0
0.8780,293750.0,3.3000,12.6758,2.0614,82.8299,97.9958,0
0.8780,293750.0,3.3500,12.5124,2.0614,82.9636,97.9974,0
0.8780,293750.0,3.4000,12.3471,2.0614,83.0951,97.9991,0
0.8780,293750.0,3.4500,12.1799,2.0614,83.2245,98.0001,0
0.8780,293750.0,3.5000,12.0110,2.0614,83.3516,98.0016,0
0.8780,293750.0,3.5500,11.8403,2.0614,83.4767,98.0028,0
0.8780,293750.0,3.6000,11.6680,2.0614,83.5997,98.0037,0
0.8780,293750.0,3.6500,11.4942,2.0614,83.7207,98.0047,0
0.8780,293750.0,3.7000,11.3190,2.0614,83.8397,98.0059,0
0.8780,293750.0,3.7500,11.1426,2.0614,83.9568,98.0067,0
0.8780,293750.0,3.8000,10.9649,2.0614,84.0720,98.0072,0
0.8780,325000.0,3.2000,12.9967,2.0614,82.5554,97.9919,0
0.8780,325000.0,3.2500,12.8372,2.0614,82.6938,97.9938,0
0.8780,325000.0,3.3000,12.6757,2.0614,82.8299,97.9956,0
0.8780,325000.0,3.3500,12.5123,2.0614,82.9636,97.9976,0
0.8780,325000.0,3.4000,12.3470,2.0614,83.0951,97.9990,0
0.8780,325000.0,3.4500,12.1798,2.0614,83.2245,98.0000,0
0.8780,325000.0,3.5000,12.0109,2.0614,83.3516,98.0015,0
0.8780,325000.0,3.5500,11.8402,2.0614,83.4767,98.0026,0
0.8780,325000.0,3.6000,11.6680,2.0614,83.5997,98.0040,0
0.8780,325000.0,3.6500,11.4942,2.0614,83.7207,98.0046,0
0.8780,325000.0,3.7000,11.3190,2.0614,83.8397,98.0058,0
0.8780,325000.0,3.7500,11.1425,2.0614,83.9568,98.0066,0
0.8780,325000.0,3.8000,10.9649,2.0614,84.0720,98.0074,0
0.8780,356250.0,3.2000,12.9966,2.0614,82.5554,97.9919,0
0.8780,356250.0,3.2500,12.8371,2.0614,82.6938,97.9939,0
0.8780,356250.0,3.3000,12.6756,2.0614,82.8299,97.9958,0
0.8780,356250.0,3.3500,12.5122,2.0614,82.9636,97.9975,0
0.8780,356250.0,3.4000,12.3469,2.0614,83.0952,97.9989,0
0.8780,356250.0,3.4500,12.1798,2.0614,83.2245,98.0001,0
0.8780,356250.0,3.5000,12.0108,2.0614,83.3516,98.0013,0
0.8780,356250.0,3.5500,11.8402,2.0614,83.4767,98.0025,0
0.8780,356250.0,3.6000,11.6679,2.0614,83.5997,98.0039,0
0.8780,356250.0,3.6500,11.4942,2.0614,83.7207,98.0045,0
0.8780,356250.0,3.7000,11.3190,2.0614,83.8397,98.0059,0
0.8780,356250.0,3.7500,11.1425,2.0614,83.9568,98.0068,0
0.8780,356250.0,3.8000,10.9649,2.0614,84.0720,98.0073,0
0.8780,387500.0,3.2000,12.9964,2.0614,82.5554,97.9919,0
0.8780,387500.0,3.2500,12.8370,2.0614,82.6938,97.9938,0
0.8780,387500.0,3.3000,12.6755,2.0614,82.8299,97.9959,0
0.8780,387500.0,3.3500,12.5121,2.0614,82.9636,97.9974,0
0.8780,387500.0,3.4000,12.3468,2.0614,83.0952,97.9987,0
0.8780,387500.0,3.4500,12.1797,2.0614,83.2245,98.0002,0
0.8780,387500.0,3.5000,12.0108,2.0614,83.3516,98.0014,0
0.8780,387500.0,3.5500,11.8401,2.0614,83.4767,98.0024,0
0.8780,387500.0,3.6000,11.6679,2.0614,83.5997,98.0037,0
0.8780,387500.0,3.6500,11.4941,2.0614,83.7207,98.0043,0
0.8780,387500.0,3.7000,11.3189,2.0614,83.8397,98.0058,0
0.8780,387500.0,3.7500,11.1425,2.0614,83.9568,98.0067,0
0.8780,387500.0,3.8000,10.9649,2.0614,84.0720,98.0072,0
0.8780,418750.0,3.2000,12.9963,2.0614,82.5554,97.9922,0
0.8780,418750.0,3.2500,12.8369,2.0614,82.6938,97.9940,0
0.8780,418750.0,3.3000,12.6754,2.0614,82.8299,97.9958,0
0.8780,418750.0,3.3500,12.5120,2.0614,82.9636,97.9972,0
0.8780,418750.0,3.4000,12.3467,2.0614,83.0952,97.9987,0
0.8780,418750.0,3.4500,12.1796,2.0614,83.2245,98.0003,0
0.8780,418750.0,3.5000,12.0107,2.0614,83.3516,98.0012,0
0.8780,418750.0,3.5500,11.8401,2.0614,83.4767,98.0026,0
0.8780,418750.0,3.6000,11.6678,2.0614,83.5997,98.0037,0
0.8780,418750.0,3.6500,11.4941,2.0614,83.7207,98.0046,0
0.8780,418750.0,3.7000,11.3189,2.0614,83.8397,98.0057,0
0.8780,418750.0,3.7500,11.1425,2.0614,83.9568,98.0066,0
0.8780,418750.0,3.8000,10.9649,2.0614,84.0720,98.0071,0
0.8780,450000.0,3.2000,12.9962,2.0614,82.5554,97.9921,0
0.8780,450000.0,3.2500,12.8368,2.0614,82.6938,97.9939,0
0.8780,450000.0,3.3000,12.6754,2.0614,82.8299,97.9957,0
0.8780,450000.0,3.3500,12.5120,2.0614,82.9637,97.9973,0
0.8780,450000.0,3.4000,12.3467,2.0614,83.0952,97.9986,0
0.8780,450000.0,3.4500,12.1796,2.0614,83.2245,98.0002,0
0.8780,450000.0,3.5000,12.0107,2.0614,83.3516,98.0012,0
0.8780,450000.0,3.5500,11.8400,2.0614,83.4767,98.0025,0
0.8780,450000.0,3.6000,11.6678,2.0614,83.5997,98.0038,0
0.8780,450000.0,3.6500,11.4941,2.0614,83.7207,98.0049,0
0.8780,450000.0,3.7000,11.3189,2.0614,83.8397,98.0060,0
0.8780,450000.0,3.7500,11.1425,2.0614,83.9568,98.0065,0
0.8780,450000.0,3.8000,10.9649,2.0614,84.0720,98.0075,0
0.9140,200000.0,3.2000,13.0004,2.1460,83.4933,98.0014,0
0.9140,200000.0,3.2500,12.8410,2.1460,83.6231,98.0023,0
0.9140,200000.0,3.3000,12.6796,2.1460,83.7507,98.0036,0
0.9140,200000.0,3.3500,12.5163,2.1460,83.8761,98.0046,0
0.9140,200000.0,3.4000,12.3510,2.1460,83.9994,98.0060,0
0.9140,200000.0,3.4500,12.1839,2.1460,84.1206,98.0067,0
0.9140,200000.0,3.5000,12.0151,2.1460,84.2398,98.0074,0
0.9140,200000.0,3.5500,11.8445,2.1460,84.3571,98.0076,0
0.9140,200000.0,3.6000,11.6723,2.1460,84.4723,98.0079,0
0.9140,200000.0,3.6500,11.4986,2.1460,84.5858,98.0082,0
0.9140,200000.0,3.7000,11.3235,2.1460,84.6973,98.0077,0
0.9140,200000.0,3.7500,11.1471,2.1460,84.8071,98.0077,0
0.9140,200000.0,3.8000,10.9695,2.1460,84.9150,98.0080,0
0.9140,231250.0,3.2000,13.0003,2.1460,83.4933,98.0014,0
0.9140,231250.0,3.2500,12.8409,2.1460,83.6231,98.0024,0
0.9140,231250.0,3.3000,12.6795,2.1460,83.7507,98.0035,0
0.9140,231250.0,3.3500,12.5162,2.1460,83.8761,98.0047,0
0.9140,231250.0,3.4000,12.3510,2.1460,83.9994,98.0056,0
0.9140,231250.0,3.4500,12.1839,2.1460,84.1206,98.0066,0
0.9140,231250.0,3.5000,12.0150,2.1460,84.2398,98.0071,0
0.9140,231250.0,3.5500,11.8445,2.1460,84.3571,98.0075,0
0.9140,231250.0,3.6000,11.6723,2.1460,84.4724,98.0076,0
0.9140,231250.0,3.6500,11.4986,2.1460,84.5858,98.0082,0
0.9140,231250.0,3.7000,11.3235,2.1460,84.6973,98.0077,0
0.9140,231250.0,3.7500,11.1471,2.1460,84.8071,98.0077,0
0.9140,231250.0,3.8000,10.9695,2.1460,84.9150,98.0080,0
0.9140,262500.0,3.2000,13.0002,2.1460,83.4933,98.0012,0
0.9140,262500.0,3.2500,12.8408,2.1460,83.6231,98.0025,0
0.9140,262500.0,3.3000,12.6794,2.1460,83.7507,98.0033,0
0.9140,262500.0,3.3500,12.5161,2.1460,83.8761,98.0048,0
0.9140,262500.0,3.4000,12.3509,2.1460,83.9994,98.0058,0
0.9140,262500.0,3.4500,12.1838,2.1460,84.1206,98.0066,0
0.9140,262500.0,3.5000,12.0149,2.1460,84.2398,98.0074,0
0.9140,262500.0,3.5500,11.8444,2.1460,84.3571,98.0076,0
0.9140,262500.0,3.6000,11.6722,2.1460,84.4724,98.0077,0
0.9140,262500.0,3.6500,11.4985,2.1460,84.5858,98.0081,0
0.9140,262500.0,3.7000,11.3234,2.1460,84.6973,98.0078,0
0.9140,262500.0,3.7500,11.1470,2.1460,84.8071,98.0076,0
0.9140,262500.0,3.8000,10.9695,2.1460,84.9150,98.0079,0
0.9140,293750.0,3.2000,13.0000,2.1460,83.4933,98.0012,0
0.9140,293750.0,3.2500,12.8407,2.1460,83.6231,98.0026,0
0.9140,293750.0,3.3000,12.6793,2.1460,83.7507,98.0039,0
0.9140,293750.0,3.3500,12.5160,2.1460,83.8761,98.0048,0
0.9140,293750.0,3.4000,12.3508,2.1460,83.9994,98.0058,0
0.9140,293750.0,3.4500,12.1837,2.1460,84.1206,98.0064,0
0.9140,293750.0,3.5000,12.0149,2.1460,84.2398,98.0072,0
0.9140,293750.0,3.5500,11.8443,2.1460,84.3571,98.0078,0
0.9140,293750.0,3.6000,11.6722,2.1460,84.4724,98.0076,0
0.9140,293750.0,3.6500,11.4985,2.1460,84.5858,98.0080,0
0.9140,293750.0,3.7000,11.3234,2.1460,84.6973,98.0077,0
0.9140,293750.0,3.7500,11.1470,2.1460,84.8071,98.0075,0
0.9140,293750.0,3.8000,10.9695,2.1460,84.9150,98.0081,0
0.9140,325000.0,3.2000,12.9999,2.1460,83.4933,98.0011,0
0.9140,325000.0,3.2500,12.8405,2.1460,83.6231,98.0028,0
0.9140,325000.0,3.3000,12.6792,2.1460,83.7507,98.0038,0
0.9140,325000.0,3.3500,12.5159,2.1460,83.8761,98.0047,0
0.9140,325000.0,3.4000,12.3507,2.1460,83.9994,98.0056,0
0.9140,325000.0,3.4500,12.1836,2.1460,84.1206,98.0066,0
0.9140,325000.0,3.5000,12.0148,2.1460,84.2398,98.0071,0
0.9140,325000.0,3.5500,11.8443,2.1460,84.3571,98.0079,0
0.9140,325000.0,3.6000,11.6721,2.1460,84.4724,98.0076,0
0.9140,325000.0,3.6500,11.4984,2.1460,84.5858,98.0078,0
0.9140,325000.0,3.7000,11.3234,2.1460,84.6973,98.0076,0
0.9140,325000.0,3.7500,11.1470,2.1460,84.8071,98.0078,0
0.9140,325000.0,3.8000,10.9694,2.1460,84.9150,98.0081,0
0.9140,356250.0,3.2000,12.9998,2.1460,83.4933,98.0013,0
0.9140,356250.0,3.2500,12.8404,2.1460,83.6231,98.0027,0
0.9140,356250.0,3.3000,12.6791,2.1460,83.7507,98.0037,0
0.9140,356250.0,3.3500,12.5158,2.1460,83.8761,98.0045,0
0.9140,356250.0,3.4000,12.3506,2.1460,83.9994,98.0056,0
0.9140,356250.0,3.4500,12.1836,2.1460,84.1206,98.0064,0
0.9140,356250.0,3.5000,12.0147,2.1460,84.2398,98.0073,0
0.9140,356250.0,3.5500,11.8442,2.1460,84.3571,98.0078,0
0.9140,356250.0,3.6000,11.6721,2.1460,84.4724,98.0075,0
0.9140,356250.0,3.6500,11.4984,2.1460,84.5858,98.0077,0
0.9140,356250.0,3.7000,11.3233,2.1460,84.6973,98.0079,0
0.9140,356250.0,3.7500,11.1470,2.1460,84.8071,98.0082,0
0.9140,356250.0,3.8000,10.9694,2.1460,84.9150,98.0080,0
0.9140,387500.0,3.2000,12.9997,2.1460,83.4933,98.0015,0
0.9140,387500.0,3.2500,12.8403,2.1460,83.6231,98.0025,0
0.9140,387500.0,3.3000,12.6790,2.1460,83.7507,98.0038,0
0.9140,387500.0,3.3500,12.5157,2.1460,83.8761,98.0048,0
0.9140,387500.0,3.4000,12.3505,2.1460,83.9994,98.0054,0
0.9140,387500.0,3.4500,12.1835,2.1460,84.1206,98.0063,0
0.9140,387500.0,3.5000,12.0147,2.1460,84.2398,98.0073,0
0.9140,387500.0,3.5500,11.8442,2.1460,84.3571,98.0077,0
0.9140,387500.0,3.6000,11.6720,2.1460,84.4724,98.0077,0
0.9140,387500.0,3.6500,11.4984,2.1460,84.5858,98.0075,0
0.9140,387500.0,3.7000,11.3233,2.1460,84.6973,98.0080,0
0.9140,387500.0,3.7500,11.1470,2.1460,84.8071,98.0080,0
0.9140,387500.0,3.8000,10.9694,2.1460,84.9151,98.0079,0
0.9140,418750.0,3.2000,12.9996,2.1460,83.4933,98.0013,0
0.9140,418750.0,3.2500,12.8402,2.1460,83.6231,98.0025,0
0.9140,418750.0,3.3000,12.6789,2.1460,83.7507,98.0036,0
0.9140,418750.0,3.3500,12.5156,2.1460,83.8761,98.0046,0
0.9140,418750.0,3.4000,12.3505,2.1460,83.9994,98.0055,0
0.9140,418750.0,3.4500,12.1834,2.1460,84.1206,98.0061,0
0.9140,418750.0,3.5000,12.0146,2.1460,84.2398,98.0076,0
0.9140,418750.0,3.5500,11.8441,2.1460,84.3571,98.0079,0
0.9140,418750.0,3.6000,11.6720,2.1460,84.4724,98.0080,0
0.9140,418750.0,3.6500,11.4984,2.1460,84.5858,98.0076,0
0.9140,418750.0,3.7000,11.3233,2.1460,84.6973,98.0078,0
0.9140,418750.0,3.7500,11.1470,2.1460,84.8071,98.0083,0
0.9140,418750.0,3.8000,10.9694,2.1460,84.9151,98.0078,0
0.9140,450000.0,3.2000,12.9995,2.1460,83.4933,98.0015,0
0.9140,450000.0,3.2500,12.8402,2.1460,83.6231,98.0025,0
0.9140,450000.0,3.3000,12.6788,2.1460,83.7507,98.0037,0
0.9140,450000.0,3.3500,12.5156,2.1460,83.8761,98.0048,0
0.9140,450000.0,3.4000,12.3504,2.1460,83.9994,98.0055,0
0.9140,450000.0,3.4500,12.1834,2.1460,84.1206,98.0065,0
0.9140,450000.0,3.5000,12.0146,2.1460,84.2398,98.0075,0
0.9140,450000.0,3.5500,11.8441,2.1460,84.3571,98.0081,0
0.9140,450000.0,3.6000,11.6720,2.1460,84.4724,98.0079,0
0.9140,450000.0,3.6500,11.4984,2.1460,84.5858,98.0078,0
0.9140,450000.0,3.7000,11.3233,2.1460,84.6973,98.0077,0
0.9140,450000.0,3.7500,11.1469,2.1460,84.8071,98.0082,0
0.9140,450000.0,3.8000,10.9694,2.1460,84.9151,98.0077,0
0.9500,200000.0,3.2000,13.0033,2.2305,84.4312,98.0076,0
0.9500,200000.0,3.2500,12.8440,2.2305,84.5524,98.0077,0
0.9500,200000.0,3.3000,12.6827,2.2305,84.6715,98.0076,0
0.9500,200000.0,3.3500,12.5195,2.2305,84.7886,98.0076,0
0.9500,200000.0,3.4000,12.3544,2.2305,84.9036,98.0077,0
0.9500,200000.0,3.4500,12.1874,2.2305,85.0168,98.0076,0
0.9500,200000.0,3.5000,12.0187,2.2305,85.1280,98.0080,0
0.9500,200000.0,3.5500,11.8482,2.2305,85.2374,98.0080,0
0.9500,200000.0,3.6000,11.6761,2.2305,85.3450,98.0080,0
0.9500,200000.0,3.6500,11.5025,2.2305,85.4509,98.0080,0
0.9500,200000.0,3.7000,11.3275,2.2305,85.5549,98.0080,0
0.9500,200000.0,3.7500,11.1512,2.2305,85.6573,98.0079,0
0.9500,200000.0,3.8000,10.9738,2.2305,85.7581,98.0081,0
0.9500,231250.0,3.2000,13.0032,2.2305,84.4312,98.0075,0
0.9500,231250.0,3.2500,12.8439,2.2305,84.5524,98.0077,0
0.9500,231250.0,3.3000,12.6826,2.2305,84.6715,98.0076,0
0.9500,231250.0,3.3500,12.5194,2.2305,84.7886,98.0077,0
0.9500,231250.0,3.4000,12.3543,2.2305,84.9036,98.0080,0
0.9500,231250.0,3.4500,12.1874,2.2305,85.0168,98.0076,0
0.9500,231250.0,3.5000,12.0186,2.2305,85.1281,98.0079,0
0.9500,231250.0,3.5500,11.8482,2.2305,85.2374,98.0080,0
0.9500,231250.0,3.6000,11.6761,2.2305,85.3450,98.0079,0
0.9500,231250.0,3.6500,11.5025,2.2305,85.4509,98.0080,0
0.9500,231250.0,3.7000,11.3275,2.2305,85.5549,98.0080,0
0.9500,231250.0,3.7500,11.1512,2.2305,85.6573,98.0079,0
0.9500,231250.0,3.8000,10.9737,2.2305,85.7581,98.0081,0
0.9500,262500.0,3.2000,13.0031,2.2305,84.4312,98.0075,0
0.9500,262500.0,3.2500,12.8438,2.2305,84.5524,98.0075,0
0.9500,262500.0,3.3000,12.6825,2.2305,84.6715,98.0077,0
0.9500,262500.0,3.3500,12.5193,2.2305,84.7886,98.0077,0
0.9500,262500.0,3.4000,12.3542,2.2305,84.9037,98.0078,0
0.9500,262500.0,3.4500,12.1873,2.2305,85.0168,98.0074,0
0.9500,262500.0,3.5000,12.0185,2.2305,85.1281,98.0078,0
0.9500,262500.0,3.5500,11.8481,2.2305,85.2375,98.0081,0
0.9500,262500.0,3.6000,11.6761,2.2305,85.3450,98.0078,0
0.9500,262500.0,3.6500,11.5025,2.2305,85.4509,98.0083,0
0.9500,262500.0,3.7000,11.3275,2.2305,85.5549,98.0078,0
0.9500,262500.0,3.7500,11.1512,2.2305,85.6573,98.0078,0
0.9500,262500.0,3.8000,10.9737,2.2305,85.7581,98.0081,0
0.9500,293750.0,3.2000,13.0029,2.2305,84.4312,98.0076,0
0.9500,293750.0,3.2500,12.8437,2.2305,84.5524,98.0077,0
0.9500,293750.0,3.3000,12.6824,2.2305,84.6715,98.0078,0
0.9500,293750.0,3.3500,12.5192,2.2305,84.7886,98.0076,0
0.9500,293750.0,3.4000,12.3541,2.2305,84.9037,98.0077,0
0.9500,293750.0,3.4500,12.1872,2.2305,85.0168,98.0079,0
0.9500,293750.0,3.5000,12.0185,2.2305,85.1281,98.0076,0
0.9500,293750.0,3.5500,11.8481,2.2305,85.2375,98.0079,0
0.9500,293750.0,3.6000,11.6760,2.2305,85.3450,98.0076,0
0.9500,293750.0,3.6500,11.5024,2.2305,85.4509,98.0082,0
0.9500,293750.0,3.7000,11.3274,2.2305,85.5549,98.0077,0
0.9500,293750.0,3.7500,11.1512,2.2305,85.6573,98.0081,0
0.9500,293750.0,3.8000,10.9737,2.2305,85.7581,98.0083,0
0.9500,325000.0,3.2000,13.0028,2.2305,84.4312,98.0074,0
0.9500,325000.0,3.2500,12.8436,2.2305,84.5524,98.0077,0
0.9500,325000.0,3.3000,12.6823,2.2305,84.6715,98.0076,0
0.9500,325000.0,3.3500,12.5191,2.2305,84.7886,98.0077,0
0.9500,325000.0,3.4000,12.3541,2.2305,84.9037,98.0075,0
0.9500,325000.0,3.4500,12.1871,2.2305,85.0168,98.0081,0
0.9500,325000.0,3.5000,12.0184,2.2305,85.1281,98.0078,0
0.9500,325000.0,3.5500,11.8480,2.2305,85.2375,98.0077,0
0.9500,325000.0,3.6000,11.6760,2.2305,85.3450,98.0075,0
0.9500,325000.0,3.6500,11.5024,2.2305,85.4509,98.0081,0
0.9500,325000.0,3.7000,11.3274,2.2305,85.5549,98.0076,0
0.9500,325000.0,3.7500,11.1512,2.2305,85.6573,98.0079,0
0.9500,325000.0,3.8000,10.9737,2.2305,85.7581,98.0081,0
0.9500,356250.0,3.2000,13.0027,2.2305,84.4312,98.0073,0
0.9500,356250.0,3.2500,12.8435,2.2305,84.5524,98.0078,0
0.9500,356250.0,3.3000,12.6822,2.2305,84.6715,98.0076,0
0.9500,356250.0,3.3500,12.5191,2.2305,84.7886,98.0079,0
0.9500,356250.0,3.4000,12.3540,2.2305,84.9037,98.0077,0
0.9500,356250.0,3.4500,12.1871,2.2305,85.0168,98.0080,0
0.9500,356250.0,3.5000,12.0184,2.2305,85.1281,98.0078,0
0.9500,356250.0,3.5500,11.8480,2.2305,85.2375,98.0076,0
0.9500,356250.0,3.6000,11.6759,2.2305,85.3450,98.0078,0
0.9500,356250.0,3.6500,11.5024,2.2305,85.4509,98.0081,0
0.9500,356250.0,3.7000,11.3274,2.2305,85.5550,98.0078,0
0.9500,356250.0,3.7500,11.1512,2.2305,85.6573,98.0078,0
0.9500,356250.0,3.8000,10.9737,2.2305,85.7581,98.0080,0
0.9500,387500.0,3.2000,13.0026,2.2305,84.4312,98.0074,0
0.9500,387500.0,3.2500,12.8434,2.2305,84.5524,98.0076,0
0.9500,387500.0,3.3000,12.6821,2.2305,84.6715,98.0077,0
0.9500,387500.0,3.3500,12.5190,2.2305,84.7886,98.0078,0
0.9500,387500.0,3.4000,12.3539,2.2305,84.9037,98.0075,0
0.9500,387500.0,3.4500,12.1870,2.2305,85.0168,98.0080,0
0.9500,387500.0,3.5000,12.0183,2.2305,85.1281,98.0079,0
0.9500,387500.0,3.5500,11.8479,2.2305,85.2375,98.0078,0
0.9500,387500.0,3.6000,11.6759,2.2305,85.3451,98.0078,0
0.9500,387500.0,3.6500,11.5024,2.2305,85.4509,98.0079,0
0.9500,387500.0,3.7000,11.3274,2.2305,85.5550,98.0079,0
0.9500,387500.0,3.7500,11.1512,2.2305,85.6573,98.0083,0
0.9500,387500.0,3.8000,10.9737,2.2305,85.7581,98.0079,0
0.9500,418750.0,3.2000,13.0025,2.2305,84.4312,98.0077,0
0.9500,418750.0,3.2500,12.8433,2.2305,84.5524,98.0078,0
0.9500,418750.0,3.3000,12.6821,2.2305,84.6715,98.0076,0
0.9500,418750.0,3.3500,12.5189,2.2305,84.7886,98.0078,0
0.9500,418750.0,3.4000,12.3539,2.2305,84.9037,98.0073,0
0.9500,418750.0,3.4500,12.1870,2.2305,85.0168,98.0078,0
0.9500,418750.0,3.5000,12.0183,2.2305,85.1281,98.0077,0
0.9500,418750.0,3.5500,11.8479,2.2305,85.2375,98.0076,0
0.9500,418750.0,3.6000,11.6759,2.2305,85.3451,98.0077,0
0.9500,418750.0,3.6500,11.5024,2.2305,85.4509,98.0077,0
0.9500,418750.0,3.7000,11.3274,2.2305,85.5550,98.0080,0
0.9500,418750.0,3.7500,11.1512,2.2305,85.6573,98.0081,0
0.9500,418750.0,3.8000,10.9737,2.2305,85.7581,98.0077,0
0.9500,450000.0,3.2000,13.0024,2.2305,84.4312,98.0076,0
0.9500,450000.0,3.2500,12.8432,2.2305,84.5524,98.0076,0
0.9500,450000.0,3.3000,12.6820,2.2305,84.6715,98.0076,0
0.9500,450000.0,3.3500,12.5189,2.2305,84.7886,98.0076,0
0.9500,450000.0,3.4000,12.3538,2.2305,84.9037,98.0078,0
0.9500,450000.0,3.4500,12.1869,2.2305,85.0168,98.0077,0
0.9500,450000.0,3.5000,12.0183,2.2305,85.1281,98.0076,0
0.9500,450000.0,3.5500,11.8479,2.2305,85.2375,98.0078,0
0.9500,450000.0,3.6000,11.6759,2.2305,85.3451,98.0075,0
0.9500,450000.0,3.6500,11.5023,2.2305,85.4509,98.0076,0
0.9500,450000.0,3.7000,11.3274,2.2305,85.5550,98.0079,0
0.9500,450000.0,3.7500,11.1512,2.2305,85.6573,98.0080,0
0.9500,450000.0,3.8000,10.9737,2.2305,85.7581,98.0076,0
